justin trudeau,410
journal montréal,164
québec solidaire,160
millions dollars,141
arabie saoudite,130
pierre dion,126
plainte rejetée,122
rejetée  ,118
retenue  ,114
-t -il,108
médias traditionnels,107
of the,103
extrême droite,101
parti québécois,100
projet loi,98
frères musulmans,92
parti libéral,90
  publication,90
parue y,89
000 $,82
seq id,81
id no,81
xavier camus,79
  crédit,76
réseaux sociaux,71
gène réplicase,71
droits homme,70
presse canadienne,69
liberté expression,68
contrôle esprit,65
ministre justin,62
gouvernement fédéral,60
amérique nord,60
new york,57
gouvernement trudeau,53
bloc québécois,53
partages  ,53
m41 r,53
monde entier,51
milliards dollars,50
cour suprême,48
présente invention,48
gouvernement canada,47
royaume uni,47
colombie britannique,47
nations unies,46
omar khadr,46
loi 21,46
claude boies,45
1998 février,45
nouvel ordre,44
13 mars,44
guerre mondiale,43
donald trump,43
etat islamique,43
reconnu coupable,43
presse obnl,43
acides aminés,43
andré claude,43
mohamad fakih,42
mars 2009,42
al qaida,42
gilets jaunes,41
massacre arméniens,41
in the,40
maison blanche,40
ordre mondial,40
				 var,40
+ +,40
toonimated_draws  ,40
femmes enfants,39
ministre trudeau,38
cour appel,38
martin cauchon,38
  toonimated_draws,38
crédit  ,38
5 g,38
al qaïda,37
droits libertés,37
ministre canada,37
islamic relief,37
snc lavalin,37
état islamique,36
site internet,36
extrême gauche,36
ans prison,36
000 personnes,35
-il déclaré,35
fake news,35
vincent marissal,35
to the,35
the rebel,35
12 mars,35
gouvernement canadien,34
ancien ministre,34
libéral canada,34
of canada,34
10 000,34
demandeurs asile,34
sri lanka,34
armes feu,33
5 000,32
afrique sud,32
destruction temple,32
point vue,31
communauté musulmane,31
sécurité nationale,31
radio-canada presse,31
fausses nouvelles,31
médias indépendants,31
tva nouvelles,31
google adsense,31
leu position,31
gouvernement libéral,30
-t -elle,30
faut comprendre,30
site web,30
power corporation,30
partage  ,30
long terme,29
policier oui,29
jean-jacques nantel,29
2018 12,29
nouvelle zélande,29
crédit imgur,29
conseil presse,29
médias canadiens,28
vie privée,28
15 ans,28
grande partie,28
jeune fille,28
oui oui,28
  5,28
for the,28
ben laden,28
nord britannique,28
taux natalité,28
imgur  ,28
février indonésie,28
séquence nucléotidique,28
sécurité publique,27
décembre 2018,27
islam religion,27
chambre communes,27
dernières années,27
ben oui,27
québec gouvernance,27
gouvernance pq,27
jeune homme,27
fakes news,27
médias sociaux,27
juge fournier,27
1996 octobre,27
réplicase variant,27
coder protéine,27
année dernière,26
françois legault,26
parti politique,26
poste police,26
partis politiques,26
mme blain,26
millions personnes,26
ig farben,26
journal québec,26
conversion forcée,26
destruction feu,26
1998 juillet,26
cours dernières,25
faire croire,25
conseil administration,25
guerre civile,25
articles 2018,25
  1,25
condamnation mort,25
publication presse,25
630 destruction,25
faire taire,24
pays musulmans,24
peine mort,24
faire face,24
médias masse,24
000 000,24
garde mains,24
campagne électorale,24
50 000,24
but lucratif,24
20 ans,24
centre ville,24
acte amérique,24
al azhar,24
octobre destruction,24
appel offres,23
membres famille,23
citoyenneté canadienne,23
québec inc,23
  4,23
+ 46,23
publication journal,23
standard oil,23
destruction idole,23
octobre massacre,23
feu église,23
java 1996,23
m41 -ck,23
r nsp10,23
with the,22
médias alternatifs,22
affaires étrangères,22
millions $,22
semaine dernière,22
citoyens canadiens,22
paramount fine,22
  2,22
46 +,22
10 ans,22
montréal parue,22
conversions forcées,22
in ovo,22
groupe terroriste,21
personnes tuées,21
pierre elliott,21
faire passer,21
organisation terroriste,21
hommes femmes,21
policier ok,21
bon dossier,21
it is,21
famille desmarais,21
immigration masse,21
montréal tva,21
presse radio-canada,21
  3,21
true north,21
wilson raybould,21
30 000,21
base données,21
rio tinto,21
1895 octobre,21
type sauvage,21
protéine comprend,21
mode vie,20
mis place,20
poser question,20
poser questions,20
société canadienne,20
affaires mondiales,20
guerre sainte,20
diane blain,20
gouvernement québec,20
femmes musulmanes,20
5 ans,20
m. trudeau,20
fine foods,20
attentat bombe,20
groupes islamistes,20
prime minister,20
11 septembre,20
mars 2019,20
henry ford,20
jared nolan,20
prise pillage,20
destruction église,20
1998 novembre,20
mutations acides,20
  retenue,20
élections fédérales,19
ville montréal,19
gauche droite,19
pierre karl,19
jeunes filles,19
4 mois,19
18 ans,19
centaines millions,19
000 dollars,19
+ 64,19
20 000,19
1er septembre,19
effets indésirables,19
jihad islamique,19
m41 -r,19
drapeau québec,18
grand nombre,18
karl péladeau,18
octobre 2018,18
mondiales canada,18
montréal antifasciste,18
adil charkaoui,18
policier sq,18
collecte fonds,18
will be,18
it was,18
500 000,18
2 000,18
10 millions,18
statut réfugié,18
m dion,18
président trump,18
16 ans,18
100 000,18
mettre fin,18
