plainte rejetée  ,118
seq id no,81
ministre justin trudeau,61
partages   publication,53
andré claude boies,43
nouvel ordre mondial,39
toonimated_draws   toonimated_draws,38
  toonimated_draws  ,38
crédit   crédit,37
-t -il déclaré,35
  crédit  ,34
13 mars 2009,33
partage   publication,30
  crédit imgur,29
amérique nord britannique,28
crédit imgur  ,28
imgur   crédit,28
1998 février indonésie,28
québec gouvernance pq,27
parti libéral canada,27
articles 2018 12,25
  publication presse,25
gène réplicase variant,25
acte amérique nord,24
1996 octobre destruction,24
octobre destruction feu,24
destruction feu église,23
m41 r nsp10,23
+ 46 +,22
  publication journal,22
publication journal montréal,22
journal montréal parue,22
montréal parue y,22
octobre massacre arméniens,22
java 1996 octobre,22
630 destruction idole,21
1895 octobre massacre,21
cours dernières années,20
journal montréal tva,20
paramount fine foods,20
mutations acides aminés,20
coder protéine comprend,20
  retenue  ,20
+ + +,19
pierre karl péladeau,18
affaires mondiales canada,18
publication presse parue,18
presse parue y,18
février indonésie attaque,18
retenue   1,18
  1 plainte,18
1 plainte rejetée,18
  publication devoir,17
publication devoir parue,17
devoir parue y,17
id no 6,17
pierre elliott trudeau,16
cour suprême canada,16
islamic relief canada,16
  helen morgun,16
helen morgun  ,16
heures 0 partage,16
0 partage  ,16
parue y +,16
id no 7,16
id no 8,16
id no 9,16
séquence nucléotidique comprendre,16
devoir retenue  ,16
soleil retenue  ,16
retenue   3,16
presse retenue  ,16
journal montréal retenue,16
montréal retenue  ,16
  5 plainte,16
5 plainte rejetée,16
tva retenue  ,16
policier garde mains,15
garde mains char,15
morgun   helen,15
heures 2 partages,15
2 partages  ,15
indonésie attaque église,15
pro leu position,15
leu position 85,15
position 85 seq,15
85 seq id,15
val leu position,15
leu position 393,15
position 393 seq,15
393 seq id,15
position 183 seq,15
183 seq id,15
position 209 seq,15
209 seq id,15
coronavirus présente invention,15
combattants etat islamique,14
seconde guerre mondiale,14
fabien durand keepoint,14
1 partage  ,14
comprenant gène réplicase,14
  3 plainte,14
3 plainte rejetée,14
journal québec retenue,14
québec retenue  ,14
the gazette  ,14
canadien renseignement sécurité,13
organisation mondiale santé,13
$ 5 000,13
11 septembre 2001,13
maladie look away,13
heures 1 partage,13
présente invention propose,13
gène variant réplicase,13
protéine comprend mutations,13
ministre sécurité publique,12
joue gros bras,12
charte droits libertés,12
pierre elliot trudeau,12
centre ville montréal,12
-t -elle déclaré,12
pénurie main oeuvre,12
service canadien renseignement,12
ministre affaires étrangères,12
oussama ben laden,12
the rebel medias,12
simon olivier lorange,12
1895 novembre massacre,12
réplicase type sauvage,12
comprend mutations acides,12
retenue   5,12
gazette   retenue,12
poste police 44,11
000 000 $,11
soleil justin trudeau,11
24 février 2011,11
conversion forcée juifs,11
novembre massacre arméniens,11
nucléotidique comprendre substitutions,11
parti libéral québec,10
service urgence 911,10
5 000 $,10
médias martin cauchon,10
ministre canada justin,10
canada justin trudeau,10
adresse e-mail protégée,10
e-mail protégée robots,10
protégée robots spammeurs,10
robots spammeurs devez,10
spammeurs devez activer,10
devez activer javascript,10
activer javascript visualiser,10
javascript visualiser 				,10
  				 var,10
				 var prefix,10
var prefix  ,10
prefix   109;a,10
  109;a +,10
109;a + i&#108,10
+ i&#108 +,10
i&#108 + 116;o,10
+ 116;o 				,10
116;o 				 var,10
				 var path,10
var path  ,10
path   hr,10
  hr +,10
hr + ef,10
+ ef +,10
ef + 				,10
+ 				 var,10
+ 64 				,10
+ < +,10
< + path,10
+ path +,10
path + +,10
+ + prefix,10
+ prefix +,10
prefix + +,10
12 13 mars,10
juge gilles garneau,10
saint-charles borromée 1er,10
devoir journal montréal,10
réseau al qaida,10
donald phillip jarvis,10
  publication true,10
morts 1895 novembre,10
destruction temple bouddhiste,10
vaccination in ovo,10
réplicase coder protéine,10
acides aminés pro,10
aminés pro leu,10
gène réplicase modifié,10
r nsp10 14,10
id no 1,10
retenue   2,10
  2 plainte,10
2 plainte rejetée,10
rejetée   0,10
rejetée   4,10
