0,404,http://lesmanchettes.com/actualites/justice-et-faits-divers/89
1,200,http://lesmanchettes.com/actualites/justice-et-faits-divers/90
2,404,http://lesmanchettes.com/actualites/justice-et-faits-divers/91
3,404,http://lesmanchettes.com/actualites/justice-et-faits-divers/92
4,404,http://lesmanchettes.com/actualites/justice-et-faits-divers/93
5,200,http://lesmanchettes.com/actualites/justice-et-faits-divers/94
6,200,http://lesmanchettes.com/actualites/justice-et-faits-divers/95
7,200,http://lesmanchettes.com/actualites/justice-et-faits-divers/96
8,200,http://lesmanchettes.com/actualites/justice-et-faits-divers/97
9,200,http://lesmanchettes.com/actualites/justice-et-faits-divers/98
10,200,http://lesmanchettes.com/actualites/justice-et-faits-divers/99
11,404,http://lesmanchettes.com/actualites/justice-et-faits-divers/100
12,200,http://lesmanchettes.com/actualites/justice-et-faits-divers/101
13,404,http://lesmanchettes.com/actualites/justice-et-faits-divers/102
14,200,http://lesmanchettes.com/actualites/justice-et-faits-divers/103
15,200,http://lesmanchettes.com/actualites/justice-et-faits-divers/104
16,200,http://lesmanchettes.com/actualites/justice-et-faits-divers/105
17,200,http://lesmanchettes.com/actualites/justice-et-faits-divers/106
18,200,http://lesmanchettes.com/actualites/justice-et-faits-divers/107
19,200,http://lesmanchettes.com/actualites/justice-et-faits-divers/108
20,200,http://lesmanchettes.com/actualites/justice-et-faits-divers/109
21,200,http://lesmanchettes.com/actualites/justice-et-faits-divers/110
22,200,http://lesmanchettes.com/actualites/justice-et-faits-divers/111
23,200,http://lesmanchettes.com/actualites/justice-et-faits-divers/112
24,404,http://lesmanchettes.com/actualites/justice-et-faits-divers/113
25,404,http://lesmanchettes.com/actualites/justice-et-faits-divers/114
26,200,http://lesmanchettes.com/actualites/justice-et-faits-divers/115
27,200,http://lesmanchettes.com/actualites/justice-et-faits-divers/116
28,200,http://lesmanchettes.com/actualites/justice-et-faits-divers/117
29,200,http://lesmanchettes.com/actualites/justice-et-faits-divers/118
30,200,http://lesmanchettes.com/actualites/justice-et-faits-divers/119
31,200,http://lesmanchettes.com/actualites/justice-et-faits-divers/120
32,200,http://lesmanchettes.com/actualites/justice-et-faits-divers/121
33,200,http://lesmanchettes.com/actualites/justice-et-faits-divers/122
34,200,http://lesmanchettes.com/actualites/justice-et-faits-divers/123
35,200,http://lesmanchettes.com/actualites/justice-et-faits-divers/124
36,200,http://lesmanchettes.com/actualites/justice-et-faits-divers/125
37,200,http://lesmanchettes.com/actualites/justice-et-faits-divers/126
38,200,http://lesmanchettes.com/actualites/justice-et-faits-divers/127
39,200,http://lesmanchettes.com/actualites/justice-et-faits-divers/128
40,200,http://lesmanchettes.com/actualites/justice-et-faits-divers/129
41,200,http://lesmanchettes.com/actualites/justice-et-faits-divers/130
42,200,http://lesmanchettes.com/actualites/justice-et-faits-divers/131
43,404,http://lesmanchettes.com/actualites/justice-et-faits-divers/132
44,200,http://lesmanchettes.com/actualites/justice-et-faits-divers/133
45,200,http://lesmanchettes.com/actualites/justice-et-faits-divers/134
46,200,http://lesmanchettes.com/actualites/justice-et-faits-divers/135
47,200,http://lesmanchettes.com/actualites/justice-et-faits-divers/136
48,200,http://lesmanchettes.com/actualites/justice-et-faits-divers/137
49,200,http://lesmanchettes.com/actualites/justice-et-faits-divers/138
50,200,http://lesmanchettes.com/actualites/justice-et-faits-divers/139
51,200,http://lesmanchettes.com/actualites/justice-et-faits-divers/140
52,200,http://lesmanchettes.com/actualites/justice-et-faits-divers/141
53,200,http://lesmanchettes.com/actualites/justice-et-faits-divers/142
54,200,http://lesmanchettes.com/actualites/justice-et-faits-divers/143
55,200,http://lesmanchettes.com/actualites/justice-et-faits-divers/144
56,404,http://lesmanchettes.com/actualites/justice-et-faits-divers/145
57,200,http://lesmanchettes.com/actualites/justice-et-faits-divers/146
58,200,http://lesmanchettes.com/actualites/justice-et-faits-divers/147
59,200,http://lesmanchettes.com/actualites/justice-et-faits-divers/148
60,200,http://lesmanchettes.com/actualites/justice-et-faits-divers/149
61,200,http://lesmanchettes.com/actualites/justice-et-faits-divers/150
62,200,http://lesmanchettes.com/actualites/justice-et-faits-divers/151
63,404,http://lesmanchettes.com/actualites/justice-et-faits-divers/152
64,200,http://lesmanchettes.com/actualites/justice-et-faits-divers/153
65,200,http://lesmanchettes.com/actualites/justice-et-faits-divers/154
66,404,http://lesmanchettes.com/actualites/justice-et-faits-divers/155
67,200,http://lesmanchettes.com/actualites/justice-et-faits-divers/156
68,404,http://lesmanchettes.com/actualites/justice-et-faits-divers/157
69,404,http://lesmanchettes.com/actualites/justice-et-faits-divers/158
70,200,http://lesmanchettes.com/actualites/justice-et-faits-divers/159
71,200,http://lesmanchettes.com/actualites/justice-et-faits-divers/160
72,404,http://lesmanchettes.com/actualites/justice-et-faits-divers/161
73,200,http://lesmanchettes.com/actualites/justice-et-faits-divers/162
74,200,http://lesmanchettes.com/actualites/justice-et-faits-divers/163
75,200,http://lesmanchettes.com/actualites/justice-et-faits-divers/164
76,200,http://lesmanchettes.com/actualites/justice-et-faits-divers/165
77,200,http://lesmanchettes.com/actualites/justice-et-faits-divers/166
78,200,http://lesmanchettes.com/actualites/justice-et-faits-divers/167
79,200,http://lesmanchettes.com/actualites/justice-et-faits-divers/168
80,200,http://lesmanchettes.com/actualites/justice-et-faits-divers/169
81,200,http://lesmanchettes.com/actualites/justice-et-faits-divers/170
82,200,http://lesmanchettes.com/actualites/justice-et-faits-divers/171
83,200,http://lesmanchettes.com/actualites/justice-et-faits-divers/172
84,200,http://lesmanchettes.com/actualites/justice-et-faits-divers/173
85,404,http://lesmanchettes.com/actualites/justice-et-faits-divers/174
86,200,http://lesmanchettes.com/actualites/justice-et-faits-divers/175
87,404,http://lesmanchettes.com/actualites/justice-et-faits-divers/176
88,200,http://lesmanchettes.com/actualites/justice-et-faits-divers/177
89,200,http://lesmanchettes.com/actualites/justice-et-faits-divers/178
90,200,http://lesmanchettes.com/actualites/justice-et-faits-divers/179
91,200,http://lesmanchettes.com/actualites/justice-et-faits-divers/180
92,404,http://lesmanchettes.com/actualites/justice-et-faits-divers/181
93,200,http://lesmanchettes.com/actualites/justice-et-faits-divers/182
94,200,http://lesmanchettes.com/actualites/justice-et-faits-divers/183
95,200,http://lesmanchettes.com/actualites/justice-et-faits-divers/184
96,200,http://lesmanchettes.com/actualites/justice-et-faits-divers/185
97,200,http://lesmanchettes.com/actualites/justice-et-faits-divers/186
98,200,http://lesmanchettes.com/actualites/justice-et-faits-divers/187
99,200,http://lesmanchettes.com/actualites/justice-et-faits-divers/188
100,200,http://lesmanchettes.com/actualites/justice-et-faits-divers/189
101,200,http://lesmanchettes.com/actualites/justice-et-faits-divers/190
102,200,http://lesmanchettes.com/actualites/justice-et-faits-divers/191
103,200,http://lesmanchettes.com/actualites/justice-et-faits-divers/192
104,200,http://lesmanchettes.com/actualites/justice-et-faits-divers/193
105,200,http://lesmanchettes.com/actualites/justice-et-faits-divers/194
106,200,http://lesmanchettes.com/actualites/justice-et-faits-divers/195
107,200,http://lesmanchettes.com/actualites/justice-et-faits-divers/196
108,200,http://lesmanchettes.com/actualites/justice-et-faits-divers/197
109,404,http://lesmanchettes.com/actualites/justice-et-faits-divers/198
110,200,http://lesmanchettes.com/actualites/justice-et-faits-divers/199
111,200,http://lesmanchettes.com/actualites/justice-et-faits-divers/200
112,200,http://lesmanchettes.com/actualites/justice-et-faits-divers/201
113,200,http://lesmanchettes.com/actualites/justice-et-faits-divers/202
114,200,http://lesmanchettes.com/actualites/justice-et-faits-divers/203
115,200,http://lesmanchettes.com/actualites/justice-et-faits-divers/204
116,200,http://lesmanchettes.com/actualites/justice-et-faits-divers/205
117,200,http://lesmanchettes.com/actualites/justice-et-faits-divers/206
118,200,http://lesmanchettes.com/actualites/justice-et-faits-divers/207
119,200,http://lesmanchettes.com/actualites/justice-et-faits-divers/208
120,200,http://lesmanchettes.com/actualites/justice-et-faits-divers/209
121,200,http://lesmanchettes.com/actualites/justice-et-faits-divers/210
122,200,http://lesmanchettes.com/actualites/justice-et-faits-divers/211
123,200,http://lesmanchettes.com/actualites/justice-et-faits-divers/212
124,200,http://lesmanchettes.com/actualites/justice-et-faits-divers/213
125,404,http://lesmanchettes.com/actualites/justice-et-faits-divers/214
126,404,http://lesmanchettes.com/actualites/justice-et-faits-divers/215
127,200,http://lesmanchettes.com/actualites/justice-et-faits-divers/216
128,200,http://lesmanchettes.com/actualites/justice-et-faits-divers/217
129,200,http://lesmanchettes.com/actualites/justice-et-faits-divers/218
130,200,http://lesmanchettes.com/actualites/justice-et-faits-divers/219
131,200,http://lesmanchettes.com/actualites/justice-et-faits-divers/220
132,200,http://lesmanchettes.com/actualites/justice-et-faits-divers/221
133,200,http://lesmanchettes.com/actualites/justice-et-faits-divers/222
134,200,http://lesmanchettes.com/actualites/justice-et-faits-divers/223
135,200,http://lesmanchettes.com/actualites/justice-et-faits-divers/224
136,200,http://lesmanchettes.com/actualites/justice-et-faits-divers/225
137,200,http://lesmanchettes.com/actualites/justice-et-faits-divers/226
138,200,http://lesmanchettes.com/actualites/justice-et-faits-divers/227
139,200,http://lesmanchettes.com/actualites/justice-et-faits-divers/228
140,200,http://lesmanchettes.com/actualites/justice-et-faits-divers/229
141,200,http://lesmanchettes.com/actualites/justice-et-faits-divers/230
142,200,http://lesmanchettes.com/actualites/justice-et-faits-divers/231
143,404,http://lesmanchettes.com/actualites/justice-et-faits-divers/232
144,200,http://lesmanchettes.com/actualites/justice-et-faits-divers/233
145,200,http://lesmanchettes.com/actualites/justice-et-faits-divers/234
146,404,http://lesmanchettes.com/actualites/justice-et-faits-divers/235
147,200,http://lesmanchettes.com/actualites/justice-et-faits-divers/236
148,200,http://lesmanchettes.com/actualites/justice-et-faits-divers/237
149,200,http://lesmanchettes.com/actualites/justice-et-faits-divers/238
150,200,http://lesmanchettes.com/actualites/justice-et-faits-divers/239
151,200,http://lesmanchettes.com/actualites/justice-et-faits-divers/240
152,200,http://lesmanchettes.com/actualites/justice-et-faits-divers/241
153,200,http://lesmanchettes.com/actualites/justice-et-faits-divers/242
154,200,http://lesmanchettes.com/actualites/justice-et-faits-divers/243
155,200,http://lesmanchettes.com/actualites/justice-et-faits-divers/244
156,200,http://lesmanchettes.com/actualites/justice-et-faits-divers/245
157,200,http://lesmanchettes.com/actualites/justice-et-faits-divers/246
158,404,http://lesmanchettes.com/actualites/justice-et-faits-divers/247
159,200,http://lesmanchettes.com/actualites/justice-et-faits-divers/248
160,200,http://lesmanchettes.com/actualites/justice-et-faits-divers/249
161,200,http://lesmanchettes.com/actualites/justice-et-faits-divers/250
162,200,http://lesmanchettes.com/actualites/justice-et-faits-divers/251
163,200,http://lesmanchettes.com/actualites/justice-et-faits-divers/252
164,200,http://lesmanchettes.com/actualites/justice-et-faits-divers/253
165,200,http://lesmanchettes.com/actualites/justice-et-faits-divers/254
166,200,http://lesmanchettes.com/actualites/justice-et-faits-divers/255
167,200,http://lesmanchettes.com/actualites/justice-et-faits-divers/256
168,200,http://lesmanchettes.com/actualites/justice-et-faits-divers/257
169,200,http://lesmanchettes.com/actualites/justice-et-faits-divers/258
170,200,http://lesmanchettes.com/actualites/justice-et-faits-divers/259
171,200,http://lesmanchettes.com/actualites/justice-et-faits-divers/260
172,200,http://lesmanchettes.com/actualites/justice-et-faits-divers/261
173,200,http://lesmanchettes.com/actualites/justice-et-faits-divers/262
174,200,http://lesmanchettes.com/actualites/justice-et-faits-divers/263
175,200,http://lesmanchettes.com/actualites/justice-et-faits-divers/264
176,200,http://lesmanchettes.com/actualites/justice-et-faits-divers/265
177,200,http://lesmanchettes.com/actualites/justice-et-faits-divers/266
178,404,http://lesmanchettes.com/actualites/justice-et-faits-divers/267
179,404,http://lesmanchettes.com/actualites/justice-et-faits-divers/268
180,404,http://lesmanchettes.com/actualites/justice-et-faits-divers/269
181,200,http://lesmanchettes.com/actualites/justice-et-faits-divers/270
182,404,http://lesmanchettes.com/actualites/justice-et-faits-divers/271
183,200,http://lesmanchettes.com/actualites/justice-et-faits-divers/272
184,200,http://lesmanchettes.com/actualites/justice-et-faits-divers/273
185,200,http://lesmanchettes.com/actualites/justice-et-faits-divers/274
186,404,http://lesmanchettes.com/actualites/justice-et-faits-divers/275
187,404,http://lesmanchettes.com/actualites/justice-et-faits-divers/276
188,200,http://lesmanchettes.com/actualites/justice-et-faits-divers/277
189,404,http://lesmanchettes.com/actualites/justice-et-faits-divers/278
190,404,http://lesmanchettes.com/actualites/justice-et-faits-divers/279
191,200,http://lesmanchettes.com/actualites/justice-et-faits-divers/280
192,404,http://lesmanchettes.com/actualites/justice-et-faits-divers/281
193,200,http://lesmanchettes.com/actualites/justice-et-faits-divers/282
194,200,http://lesmanchettes.com/actualites/justice-et-faits-divers/283
195,404,http://lesmanchettes.com/actualites/justice-et-faits-divers/284
196,200,http://lesmanchettes.com/actualites/justice-et-faits-divers/285
197,200,http://lesmanchettes.com/actualites/justice-et-faits-divers/286
198,200,http://lesmanchettes.com/actualites/justice-et-faits-divers/287
199,200,http://lesmanchettes.com/actualites/justice-et-faits-divers/288
200,200,http://lesmanchettes.com/actualites/justice-et-faits-divers/289
201,200,http://lesmanchettes.com/actualites/justice-et-faits-divers/290
202,200,http://lesmanchettes.com/actualites/justice-et-faits-divers/291
203,200,http://lesmanchettes.com/actualites/justice-et-faits-divers/292
204,200,http://lesmanchettes.com/actualites/justice-et-faits-divers/293
205,404,http://lesmanchettes.com/actualites/justice-et-faits-divers/294
206,404,http://lesmanchettes.com/actualites/justice-et-faits-divers/295
207,200,http://lesmanchettes.com/actualites/justice-et-faits-divers/296
208,200,http://lesmanchettes.com/actualites/justice-et-faits-divers/297
209,200,http://lesmanchettes.com/actualites/justice-et-faits-divers/298
210,200,http://lesmanchettes.com/actualites/justice-et-faits-divers/299
211,200,http://lesmanchettes.com/actualites/justice-et-faits-divers/300
212,404,http://lesmanchettes.com/actualites/justice-et-faits-divers/301
213,200,http://lesmanchettes.com/actualites/justice-et-faits-divers/302
214,200,http://lesmanchettes.com/actualites/justice-et-faits-divers/303
215,200,http://lesmanchettes.com/actualites/justice-et-faits-divers/304
216,200,http://lesmanchettes.com/actualites/justice-et-faits-divers/305
217,200,http://lesmanchettes.com/actualites/justice-et-faits-divers/306
218,200,http://lesmanchettes.com/actualites/justice-et-faits-divers/307
219,200,http://lesmanchettes.com/actualites/justice-et-faits-divers/308
220,200,http://lesmanchettes.com/actualites/justice-et-faits-divers/309
221,200,http://lesmanchettes.com/actualites/justice-et-faits-divers/310
222,200,http://lesmanchettes.com/actualites/justice-et-faits-divers/311
223,200,http://lesmanchettes.com/actualites/justice-et-faits-divers/312
224,404,http://lesmanchettes.com/actualites/justice-et-faits-divers/313
225,200,http://lesmanchettes.com/actualites/justice-et-faits-divers/314
226,200,http://lesmanchettes.com/actualites/justice-et-faits-divers/315
227,200,http://lesmanchettes.com/actualites/justice-et-faits-divers/316
228,200,http://lesmanchettes.com/actualites/justice-et-faits-divers/317
229,200,http://lesmanchettes.com/actualites/justice-et-faits-divers/318
230,200,http://lesmanchettes.com/actualites/justice-et-faits-divers/319
231,404,http://lesmanchettes.com/actualites/justice-et-faits-divers/320
232,200,http://lesmanchettes.com/actualites/justice-et-faits-divers/321
233,200,http://lesmanchettes.com/actualites/justice-et-faits-divers/322
234,200,http://lesmanchettes.com/actualites/justice-et-faits-divers/323
235,200,http://lesmanchettes.com/actualites/justice-et-faits-divers/324
236,404,http://lesmanchettes.com/actualites/justice-et-faits-divers/325
237,404,http://lesmanchettes.com/actualites/justice-et-faits-divers/326
238,200,http://lesmanchettes.com/actualites/justice-et-faits-divers/327
239,200,http://lesmanchettes.com/actualites/justice-et-faits-divers/328
240,200,http://lesmanchettes.com/actualites/justice-et-faits-divers/329
241,200,http://lesmanchettes.com/actualites/justice-et-faits-divers/330
242,404,http://lesmanchettes.com/actualites/justice-et-faits-divers/331
243,200,http://lesmanchettes.com/actualites/justice-et-faits-divers/332
244,404,http://lesmanchettes.com/actualites/justice-et-faits-divers/333
245,200,http://lesmanchettes.com/actualites/justice-et-faits-divers/334
246,200,http://lesmanchettes.com/actualites/justice-et-faits-divers/335
247,200,http://lesmanchettes.com/actualites/justice-et-faits-divers/336
248,200,http://lesmanchettes.com/actualites/justice-et-faits-divers/337
249,200,http://lesmanchettes.com/actualites/justice-et-faits-divers/338
250,404,http://lesmanchettes.com/actualites/justice-et-faits-divers/339
251,200,http://lesmanchettes.com/actualites/justice-et-faits-divers/340
252,200,http://lesmanchettes.com/actualites/justice-et-faits-divers/341
253,404,http://lesmanchettes.com/actualites/justice-et-faits-divers/342
254,404,http://lesmanchettes.com/actualites/justice-et-faits-divers/343
255,200,http://lesmanchettes.com/actualites/justice-et-faits-divers/344
256,200,http://lesmanchettes.com/actualites/justice-et-faits-divers/345
257,200,http://lesmanchettes.com/actualites/justice-et-faits-divers/346
258,200,http://lesmanchettes.com/actualites/justice-et-faits-divers/347
259,200,http://lesmanchettes.com/actualites/justice-et-faits-divers/348
260,200,http://lesmanchettes.com/actualites/justice-et-faits-divers/349
261,200,http://lesmanchettes.com/actualites/justice-et-faits-divers/350
262,200,http://lesmanchettes.com/actualites/justice-et-faits-divers/351
263,200,http://lesmanchettes.com/actualites/justice-et-faits-divers/352
264,200,http://lesmanchettes.com/actualites/justice-et-faits-divers/353
265,200,http://lesmanchettes.com/actualites/justice-et-faits-divers/354
266,200,http://lesmanchettes.com/actualites/justice-et-faits-divers/355
267,200,http://lesmanchettes.com/actualites/justice-et-faits-divers/356
268,200,http://lesmanchettes.com/actualites/justice-et-faits-divers/357
269,200,http://lesmanchettes.com/actualites/justice-et-faits-divers/358
270,200,http://lesmanchettes.com/actualites/justice-et-faits-divers/359
271,200,http://lesmanchettes.com/actualites/justice-et-faits-divers/360
272,200,http://lesmanchettes.com/actualites/justice-et-faits-divers/361
273,200,http://lesmanchettes.com/actualites/justice-et-faits-divers/362
274,200,http://lesmanchettes.com/actualites/justice-et-faits-divers/363
275,404,http://lesmanchettes.com/actualites/justice-et-faits-divers/364
276,200,http://lesmanchettes.com/actualites/justice-et-faits-divers/365
277,200,http://lesmanchettes.com/actualites/justice-et-faits-divers/366
278,200,http://lesmanchettes.com/actualites/justice-et-faits-divers/367
279,200,http://lesmanchettes.com/actualites/justice-et-faits-divers/368
280,200,http://lesmanchettes.com/actualites/justice-et-faits-divers/369
281,200,http://lesmanchettes.com/actualites/justice-et-faits-divers/370
282,200,http://lesmanchettes.com/actualites/justice-et-faits-divers/371
283,200,http://lesmanchettes.com/actualites/justice-et-faits-divers/372
284,200,http://lesmanchettes.com/actualites/justice-et-faits-divers/373
285,200,http://lesmanchettes.com/actualites/justice-et-faits-divers/374
286,200,http://lesmanchettes.com/actualites/justice-et-faits-divers/375
287,200,http://lesmanchettes.com/actualites/justice-et-faits-divers/376
288,200,http://lesmanchettes.com/actualites/justice-et-faits-divers/377
289,200,http://lesmanchettes.com/actualites/justice-et-faits-divers/378
290,200,http://lesmanchettes.com/actualites/justice-et-faits-divers/379
291,200,http://lesmanchettes.com/actualites/justice-et-faits-divers/380
292,200,http://lesmanchettes.com/actualites/justice-et-faits-divers/381
293,200,http://lesmanchettes.com/actualites/justice-et-faits-divers/382
294,200,http://lesmanchettes.com/actualites/justice-et-faits-divers/383
295,200,http://lesmanchettes.com/actualites/justice-et-faits-divers/384
296,200,http://lesmanchettes.com/actualites/justice-et-faits-divers/385
297,200,http://lesmanchettes.com/actualites/justice-et-faits-divers/386
298,200,http://lesmanchettes.com/actualites/justice-et-faits-divers/387
299,200,http://lesmanchettes.com/actualites/justice-et-faits-divers/388
300,200,http://lesmanchettes.com/actualites/justice-et-faits-divers/389
301,200,http://lesmanchettes.com/actualites/justice-et-faits-divers/390
302,404,http://lesmanchettes.com/actualites/justice-et-faits-divers/391
303,200,http://lesmanchettes.com/actualites/justice-et-faits-divers/392
304,200,http://lesmanchettes.com/actualites/justice-et-faits-divers/393
305,200,http://lesmanchettes.com/actualites/justice-et-faits-divers/394
306,404,http://lesmanchettes.com/actualites/justice-et-faits-divers/395
307,404,http://lesmanchettes.com/actualites/justice-et-faits-divers/396
308,200,http://lesmanchettes.com/actualites/justice-et-faits-divers/397
309,200,http://lesmanchettes.com/actualites/justice-et-faits-divers/398
310,200,http://lesmanchettes.com/actualites/justice-et-faits-divers/399
311,200,http://lesmanchettes.com/actualites/justice-et-faits-divers/400
312,404,http://lesmanchettes.com/actualites/justice-et-faits-divers/401
313,200,http://lesmanchettes.com/actualites/justice-et-faits-divers/402
314,200,http://lesmanchettes.com/actualites/justice-et-faits-divers/403
315,200,http://lesmanchettes.com/actualites/justice-et-faits-divers/404
316,200,http://lesmanchettes.com/actualites/justice-et-faits-divers/405
317,200,http://lesmanchettes.com/actualites/justice-et-faits-divers/406
318,404,http://lesmanchettes.com/actualites/justice-et-faits-divers/407
319,200,http://lesmanchettes.com/actualites/justice-et-faits-divers/408
320,200,http://lesmanchettes.com/actualites/justice-et-faits-divers/409
321,200,http://lesmanchettes.com/actualites/justice-et-faits-divers/410
322,404,http://lesmanchettes.com/actualites/justice-et-faits-divers/411
323,200,http://lesmanchettes.com/actualites/justice-et-faits-divers/412
324,200,http://lesmanchettes.com/actualites/justice-et-faits-divers/413
325,200,http://lesmanchettes.com/actualites/justice-et-faits-divers/414
326,200,http://lesmanchettes.com/actualites/justice-et-faits-divers/415
327,200,http://lesmanchettes.com/actualites/justice-et-faits-divers/416
328,200,http://lesmanchettes.com/actualites/justice-et-faits-divers/417
329,404,http://lesmanchettes.com/actualites/justice-et-faits-divers/418
330,200,http://lesmanchettes.com/actualites/justice-et-faits-divers/419
331,200,http://lesmanchettes.com/actualites/justice-et-faits-divers/420
332,404,http://lesmanchettes.com/actualites/justice-et-faits-divers/421
333,200,http://lesmanchettes.com/actualites/justice-et-faits-divers/422
334,200,http://lesmanchettes.com/actualites/justice-et-faits-divers/423
335,200,http://lesmanchettes.com/actualites/justice-et-faits-divers/424
336,200,http://lesmanchettes.com/actualites/justice-et-faits-divers/425
337,200,http://lesmanchettes.com/actualites/justice-et-faits-divers/426
338,200,http://lesmanchettes.com/actualites/justice-et-faits-divers/427
339,404,http://lesmanchettes.com/actualites/justice-et-faits-divers/428
340,404,http://lesmanchettes.com/actualites/justice-et-faits-divers/429
341,200,http://lesmanchettes.com/actualites/justice-et-faits-divers/430
342,200,http://lesmanchettes.com/actualites/justice-et-faits-divers/431
343,404,http://lesmanchettes.com/actualites/justice-et-faits-divers/432
344,200,http://lesmanchettes.com/actualites/justice-et-faits-divers/433
345,200,http://lesmanchettes.com/actualites/justice-et-faits-divers/434
346,200,http://lesmanchettes.com/actualites/justice-et-faits-divers/435
347,200,http://lesmanchettes.com/actualites/justice-et-faits-divers/436
348,200,http://lesmanchettes.com/actualites/justice-et-faits-divers/437
349,200,http://lesmanchettes.com/actualites/justice-et-faits-divers/438
350,200,http://lesmanchettes.com/actualites/justice-et-faits-divers/439
351,200,http://lesmanchettes.com/actualites/justice-et-faits-divers/440
352,200,http://lesmanchettes.com/actualites/justice-et-faits-divers/441
353,200,http://lesmanchettes.com/actualites/justice-et-faits-divers/442
354,200,http://lesmanchettes.com/actualites/justice-et-faits-divers/443
355,200,http://lesmanchettes.com/actualites/justice-et-faits-divers/444
356,200,http://lesmanchettes.com/actualites/justice-et-faits-divers/445
357,200,http://lesmanchettes.com/actualites/justice-et-faits-divers/446
358,200,http://lesmanchettes.com/actualites/justice-et-faits-divers/447
359,200,http://lesmanchettes.com/actualites/justice-et-faits-divers/448
360,200,http://lesmanchettes.com/actualites/justice-et-faits-divers/449
361,200,http://lesmanchettes.com/actualites/justice-et-faits-divers/450
362,200,http://lesmanchettes.com/actualites/justice-et-faits-divers/451
363,200,http://lesmanchettes.com/actualites/justice-et-faits-divers/452
364,200,http://lesmanchettes.com/actualites/justice-et-faits-divers/453
365,200,http://lesmanchettes.com/actualites/justice-et-faits-divers/454
366,200,http://lesmanchettes.com/actualites/justice-et-faits-divers/455
367,200,http://lesmanchettes.com/actualites/justice-et-faits-divers/456
368,200,http://lesmanchettes.com/actualites/justice-et-faits-divers/457
369,200,http://lesmanchettes.com/actualites/justice-et-faits-divers/458
370,200,http://lesmanchettes.com/actualites/justice-et-faits-divers/459
371,200,http://lesmanchettes.com/actualites/justice-et-faits-divers/460
372,200,http://lesmanchettes.com/actualites/justice-et-faits-divers/461
373,200,http://lesmanchettes.com/actualites/justice-et-faits-divers/462
374,200,http://lesmanchettes.com/actualites/justice-et-faits-divers/463
375,200,http://lesmanchettes.com/actualites/justice-et-faits-divers/464
376,200,http://lesmanchettes.com/actualites/justice-et-faits-divers/465
377,404,http://lesmanchettes.com/actualites/justice-et-faits-divers/466
378,200,http://lesmanchettes.com/actualites/justice-et-faits-divers/467
379,200,http://lesmanchettes.com/actualites/justice-et-faits-divers/468
380,200,http://lesmanchettes.com/actualites/justice-et-faits-divers/469
381,200,http://lesmanchettes.com/actualites/justice-et-faits-divers/470
382,200,http://lesmanchettes.com/actualites/justice-et-faits-divers/471
383,200,http://lesmanchettes.com/actualites/justice-et-faits-divers/472
384,200,http://lesmanchettes.com/actualites/justice-et-faits-divers/473
385,200,http://lesmanchettes.com/actualites/justice-et-faits-divers/474
386,200,http://lesmanchettes.com/actualites/justice-et-faits-divers/475
387,200,http://lesmanchettes.com/actualites/justice-et-faits-divers/476
388,200,http://lesmanchettes.com/actualites/justice-et-faits-divers/477
389,404,http://lesmanchettes.com/actualites/justice-et-faits-divers/478
390,200,http://lesmanchettes.com/actualites/justice-et-faits-divers/479
391,200,http://lesmanchettes.com/actualites/justice-et-faits-divers/480
392,200,http://lesmanchettes.com/actualites/justice-et-faits-divers/481
393,200,http://lesmanchettes.com/actualites/justice-et-faits-divers/482
394,200,http://lesmanchettes.com/actualites/justice-et-faits-divers/483
395,200,http://lesmanchettes.com/actualites/justice-et-faits-divers/484
396,200,http://lesmanchettes.com/actualites/justice-et-faits-divers/485
397,200,http://lesmanchettes.com/actualites/justice-et-faits-divers/486
398,200,http://lesmanchettes.com/actualites/justice-et-faits-divers/487
399,200,http://lesmanchettes.com/actualites/justice-et-faits-divers/488
400,200,http://lesmanchettes.com/actualites/justice-et-faits-divers/489
401,200,http://lesmanchettes.com/actualites/justice-et-faits-divers/490
402,200,http://lesmanchettes.com/actualites/justice-et-faits-divers/491
403,200,http://lesmanchettes.com/actualites/justice-et-faits-divers/492
404,200,http://lesmanchettes.com/actualites/justice-et-faits-divers/493
405,200,http://lesmanchettes.com/actualites/justice-et-faits-divers/494
406,200,http://lesmanchettes.com/actualites/justice-et-faits-divers/495
407,200,http://lesmanchettes.com/actualites/justice-et-faits-divers/496
408,200,http://lesmanchettes.com/actualites/justice-et-faits-divers/497
409,200,http://lesmanchettes.com/actualites/justice-et-faits-divers/498
410,404,http://lesmanchettes.com/actualites/justice-et-faits-divers/499
411,200,http://lesmanchettes.com/actualites/justice-et-faits-divers/500
412,200,http://lesmanchettes.com/actualites/justice-et-faits-divers/501
413,200,http://lesmanchettes.com/actualites/justice-et-faits-divers/502
414,200,http://lesmanchettes.com/actualites/justice-et-faits-divers/503
415,200,http://lesmanchettes.com/actualites/justice-et-faits-divers/504
416,200,http://lesmanchettes.com/actualites/justice-et-faits-divers/505
417,200,http://lesmanchettes.com/actualites/justice-et-faits-divers/506
418,200,http://lesmanchettes.com/actualites/justice-et-faits-divers/507
419,200,http://lesmanchettes.com/actualites/justice-et-faits-divers/508
420,200,http://lesmanchettes.com/actualites/justice-et-faits-divers/509
421,404,http://lesmanchettes.com/actualites/justice-et-faits-divers/510
422,200,http://lesmanchettes.com/actualites/justice-et-faits-divers/511
423,200,http://lesmanchettes.com/actualites/justice-et-faits-divers/512
424,200,http://lesmanchettes.com/actualites/justice-et-faits-divers/513
425,200,http://lesmanchettes.com/actualites/justice-et-faits-divers/514
426,200,http://lesmanchettes.com/actualites/justice-et-faits-divers/515
427,200,http://lesmanchettes.com/actualites/justice-et-faits-divers/516
428,200,http://lesmanchettes.com/actualites/justice-et-faits-divers/517
429,200,http://lesmanchettes.com/actualites/justice-et-faits-divers/518
430,200,http://lesmanchettes.com/actualites/justice-et-faits-divers/519
431,200,http://lesmanchettes.com/actualites/justice-et-faits-divers/520
432,200,http://lesmanchettes.com/actualites/justice-et-faits-divers/521
433,200,http://lesmanchettes.com/actualites/justice-et-faits-divers/522
434,200,http://lesmanchettes.com/actualites/justice-et-faits-divers/523
435,200,http://lesmanchettes.com/actualites/justice-et-faits-divers/524
436,200,http://lesmanchettes.com/actualites/justice-et-faits-divers/525
437,200,http://lesmanchettes.com/actualites/justice-et-faits-divers/526
438,200,http://lesmanchettes.com/actualites/justice-et-faits-divers/527
439,200,http://lesmanchettes.com/actualites/justice-et-faits-divers/528
440,200,http://lesmanchettes.com/actualites/justice-et-faits-divers/529
441,404,http://lesmanchettes.com/actualites/justice-et-faits-divers/530
442,404,http://lesmanchettes.com/actualites/justice-et-faits-divers/531
443,200,http://lesmanchettes.com/actualites/justice-et-faits-divers/532
444,200,http://lesmanchettes.com/actualites/justice-et-faits-divers/533
445,200,http://lesmanchettes.com/actualites/justice-et-faits-divers/534
446,200,http://lesmanchettes.com/actualites/justice-et-faits-divers/535
447,200,http://lesmanchettes.com/actualites/justice-et-faits-divers/536
448,200,http://lesmanchettes.com/actualites/justice-et-faits-divers/537
449,200,http://lesmanchettes.com/actualites/justice-et-faits-divers/538
450,200,http://lesmanchettes.com/actualites/justice-et-faits-divers/539
451,200,http://lesmanchettes.com/actualites/justice-et-faits-divers/540
452,404,http://lesmanchettes.com/actualites/justice-et-faits-divers/541
453,200,http://lesmanchettes.com/actualites/justice-et-faits-divers/542
454,200,http://lesmanchettes.com/actualites/justice-et-faits-divers/543
455,200,http://lesmanchettes.com/actualites/justice-et-faits-divers/544
456,200,http://lesmanchettes.com/actualites/justice-et-faits-divers/545
457,200,http://lesmanchettes.com/actualites/justice-et-faits-divers/546
458,200,http://lesmanchettes.com/actualites/justice-et-faits-divers/547
459,200,http://lesmanchettes.com/actualites/justice-et-faits-divers/548
460,200,http://lesmanchettes.com/actualites/justice-et-faits-divers/549
461,200,http://lesmanchettes.com/actualites/justice-et-faits-divers/550
462,200,http://lesmanchettes.com/actualites/justice-et-faits-divers/551
463,200,http://lesmanchettes.com/actualites/justice-et-faits-divers/552
464,200,http://lesmanchettes.com/actualites/justice-et-faits-divers/553
465,200,http://lesmanchettes.com/actualites/justice-et-faits-divers/554
466,200,http://lesmanchettes.com/actualites/justice-et-faits-divers/555
467,200,http://lesmanchettes.com/actualites/justice-et-faits-divers/556
468,200,http://lesmanchettes.com/actualites/justice-et-faits-divers/557
469,200,http://lesmanchettes.com/actualites/justice-et-faits-divers/558
470,200,http://lesmanchettes.com/actualites/justice-et-faits-divers/559
471,404,http://lesmanchettes.com/actualites/justice-et-faits-divers/560
472,200,http://lesmanchettes.com/actualites/justice-et-faits-divers/561
473,200,http://lesmanchettes.com/actualites/justice-et-faits-divers/562
474,200,http://lesmanchettes.com/actualites/justice-et-faits-divers/563
475,200,http://lesmanchettes.com/actualites/justice-et-faits-divers/564
476,200,http://lesmanchettes.com/actualites/justice-et-faits-divers/565
477,200,http://lesmanchettes.com/actualites/justice-et-faits-divers/566
478,200,http://lesmanchettes.com/actualites/justice-et-faits-divers/567
479,200,http://lesmanchettes.com/actualites/justice-et-faits-divers/568
480,200,http://lesmanchettes.com/actualites/justice-et-faits-divers/569
481,200,http://lesmanchettes.com/actualites/justice-et-faits-divers/570
482,404,http://lesmanchettes.com/actualites/justice-et-faits-divers/571
483,200,http://lesmanchettes.com/actualites/justice-et-faits-divers/572
484,200,http://lesmanchettes.com/actualites/justice-et-faits-divers/573
485,404,http://lesmanchettes.com/actualites/justice-et-faits-divers/574
486,200,http://lesmanchettes.com/actualites/justice-et-faits-divers/575
487,200,http://lesmanchettes.com/actualites/justice-et-faits-divers/576
488,200,http://lesmanchettes.com/actualites/justice-et-faits-divers/577
489,404,http://lesmanchettes.com/actualites/justice-et-faits-divers/578
490,200,http://lesmanchettes.com/actualites/justice-et-faits-divers/579
491,200,http://lesmanchettes.com/actualites/justice-et-faits-divers/580
492,200,http://lesmanchettes.com/actualites/justice-et-faits-divers/581
493,404,http://lesmanchettes.com/actualites/justice-et-faits-divers/582
494,200,http://lesmanchettes.com/actualites/justice-et-faits-divers/583
495,404,http://lesmanchettes.com/actualites/justice-et-faits-divers/584
496,200,http://lesmanchettes.com/actualites/justice-et-faits-divers/585
497,200,http://lesmanchettes.com/actualites/justice-et-faits-divers/586
498,200,http://lesmanchettes.com/actualites/justice-et-faits-divers/587
499,200,http://lesmanchettes.com/actualites/justice-et-faits-divers/588
500,200,http://lesmanchettes.com/actualites/justice-et-faits-divers/589
501,200,http://lesmanchettes.com/actualites/justice-et-faits-divers/590
502,200,http://lesmanchettes.com/actualites/justice-et-faits-divers/591
503,200,http://lesmanchettes.com/actualites/justice-et-faits-divers/592
504,200,http://lesmanchettes.com/actualites/justice-et-faits-divers/593
505,200,http://lesmanchettes.com/actualites/justice-et-faits-divers/594
506,200,http://lesmanchettes.com/actualites/justice-et-faits-divers/595
507,200,http://lesmanchettes.com/actualites/justice-et-faits-divers/596
508,200,http://lesmanchettes.com/actualites/justice-et-faits-divers/597
509,200,http://lesmanchettes.com/actualites/justice-et-faits-divers/598
510,200,http://lesmanchettes.com/actualites/justice-et-faits-divers/599
511,200,http://lesmanchettes.com/actualites/justice-et-faits-divers/600
512,200,http://lesmanchettes.com/actualites/justice-et-faits-divers/601
513,200,http://lesmanchettes.com/actualites/justice-et-faits-divers/602
514,200,http://lesmanchettes.com/actualites/justice-et-faits-divers/603
515,200,http://lesmanchettes.com/actualites/justice-et-faits-divers/604
516,200,http://lesmanchettes.com/actualites/justice-et-faits-divers/605
517,404,http://lesmanchettes.com/actualites/justice-et-faits-divers/606
518,200,http://lesmanchettes.com/actualites/justice-et-faits-divers/607
519,200,http://lesmanchettes.com/actualites/justice-et-faits-divers/608
520,200,http://lesmanchettes.com/actualites/justice-et-faits-divers/609
521,404,http://lesmanchettes.com/actualites/justice-et-faits-divers/610
522,200,http://lesmanchettes.com/actualites/justice-et-faits-divers/611
523,200,http://lesmanchettes.com/actualites/justice-et-faits-divers/612
524,200,http://lesmanchettes.com/actualites/justice-et-faits-divers/613
525,200,http://lesmanchettes.com/actualites/justice-et-faits-divers/614
526,404,http://lesmanchettes.com/actualites/justice-et-faits-divers/615
527,200,http://lesmanchettes.com/actualites/justice-et-faits-divers/616
528,200,http://lesmanchettes.com/actualites/justice-et-faits-divers/617
529,404,http://lesmanchettes.com/actualites/justice-et-faits-divers/618
530,200,http://lesmanchettes.com/actualites/justice-et-faits-divers/619
531,200,http://lesmanchettes.com/actualites/justice-et-faits-divers/620
532,200,http://lesmanchettes.com/actualites/justice-et-faits-divers/621
533,404,http://lesmanchettes.com/actualites/justice-et-faits-divers/622
534,200,http://lesmanchettes.com/actualites/justice-et-faits-divers/623
535,200,http://lesmanchettes.com/actualites/justice-et-faits-divers/624
536,200,http://lesmanchettes.com/actualites/justice-et-faits-divers/625
537,200,http://lesmanchettes.com/actualites/justice-et-faits-divers/626
538,404,http://lesmanchettes.com/actualites/justice-et-faits-divers/627
539,200,http://lesmanchettes.com/actualites/justice-et-faits-divers/628
540,200,http://lesmanchettes.com/actualites/justice-et-faits-divers/629
541,200,http://lesmanchettes.com/actualites/justice-et-faits-divers/630
542,200,http://lesmanchettes.com/actualites/justice-et-faits-divers/631
543,200,http://lesmanchettes.com/actualites/justice-et-faits-divers/632
544,200,http://lesmanchettes.com/actualites/justice-et-faits-divers/633
545,200,http://lesmanchettes.com/actualites/justice-et-faits-divers/634
546,200,http://lesmanchettes.com/actualites/justice-et-faits-divers/635
547,200,http://lesmanchettes.com/actualites/justice-et-faits-divers/636
548,200,http://lesmanchettes.com/actualites/justice-et-faits-divers/637
549,200,http://lesmanchettes.com/actualites/justice-et-faits-divers/638
550,200,http://lesmanchettes.com/actualites/justice-et-faits-divers/639
551,200,http://lesmanchettes.com/actualites/justice-et-faits-divers/640
552,200,http://lesmanchettes.com/actualites/justice-et-faits-divers/641
553,200,http://lesmanchettes.com/actualites/justice-et-faits-divers/642
554,200,http://lesmanchettes.com/actualites/justice-et-faits-divers/643
555,200,http://lesmanchettes.com/actualites/justice-et-faits-divers/644
556,200,http://lesmanchettes.com/actualites/justice-et-faits-divers/645
557,200,http://lesmanchettes.com/actualites/justice-et-faits-divers/646
558,200,http://lesmanchettes.com/actualites/justice-et-faits-divers/647
559,200,http://lesmanchettes.com/actualites/justice-et-faits-divers/648
560,200,http://lesmanchettes.com/actualites/justice-et-faits-divers/649
561,200,http://lesmanchettes.com/actualites/justice-et-faits-divers/650
562,200,http://lesmanchettes.com/actualites/justice-et-faits-divers/651
563,200,http://lesmanchettes.com/actualites/justice-et-faits-divers/652
564,200,http://lesmanchettes.com/actualites/justice-et-faits-divers/653
565,200,http://lesmanchettes.com/actualites/justice-et-faits-divers/654
566,200,http://lesmanchettes.com/actualites/justice-et-faits-divers/655
567,200,http://lesmanchettes.com/actualites/justice-et-faits-divers/656
568,200,http://lesmanchettes.com/actualites/justice-et-faits-divers/657
569,200,http://lesmanchettes.com/actualites/justice-et-faits-divers/658
570,200,http://lesmanchettes.com/actualites/justice-et-faits-divers/659
571,200,http://lesmanchettes.com/actualites/justice-et-faits-divers/660
572,200,http://lesmanchettes.com/actualites/justice-et-faits-divers/661
573,200,http://lesmanchettes.com/actualites/justice-et-faits-divers/662
574,200,http://lesmanchettes.com/actualites/justice-et-faits-divers/663
575,200,http://lesmanchettes.com/actualites/justice-et-faits-divers/664
576,200,http://lesmanchettes.com/actualites/justice-et-faits-divers/665
577,404,http://lesmanchettes.com/actualites/justice-et-faits-divers/666
578,200,http://lesmanchettes.com/actualites/justice-et-faits-divers/667
579,404,http://lesmanchettes.com/actualites/justice-et-faits-divers/668
580,404,http://lesmanchettes.com/actualites/justice-et-faits-divers/669
581,404,http://lesmanchettes.com/actualites/justice-et-faits-divers/670
582,200,http://lesmanchettes.com/actualites/justice-et-faits-divers/671
583,404,http://lesmanchettes.com/actualites/justice-et-faits-divers/672
584,200,http://lesmanchettes.com/actualites/justice-et-faits-divers/673
585,200,http://lesmanchettes.com/actualites/justice-et-faits-divers/674
586,200,http://lesmanchettes.com/actualites/justice-et-faits-divers/675
587,404,http://lesmanchettes.com/actualites/justice-et-faits-divers/676
588,200,http://lesmanchettes.com/actualites/justice-et-faits-divers/677
589,200,http://lesmanchettes.com/actualites/justice-et-faits-divers/678
590,200,http://lesmanchettes.com/actualites/justice-et-faits-divers/679
591,200,http://lesmanchettes.com/actualites/justice-et-faits-divers/680
592,200,http://lesmanchettes.com/actualites/justice-et-faits-divers/681
593,200,http://lesmanchettes.com/actualites/justice-et-faits-divers/682
594,200,http://lesmanchettes.com/actualites/justice-et-faits-divers/683
595,200,http://lesmanchettes.com/actualites/justice-et-faits-divers/684
596,200,http://lesmanchettes.com/actualites/justice-et-faits-divers/685
597,200,http://lesmanchettes.com/actualites/justice-et-faits-divers/686
598,200,http://lesmanchettes.com/actualites/justice-et-faits-divers/687
599,200,http://lesmanchettes.com/actualites/justice-et-faits-divers/688
600,200,http://lesmanchettes.com/actualites/justice-et-faits-divers/689
601,200,http://lesmanchettes.com/actualites/justice-et-faits-divers/690
602,200,http://lesmanchettes.com/actualites/justice-et-faits-divers/691
603,200,http://lesmanchettes.com/actualites/justice-et-faits-divers/692
604,200,http://lesmanchettes.com/actualites/justice-et-faits-divers/693
605,200,http://lesmanchettes.com/actualites/justice-et-faits-divers/694
606,200,http://lesmanchettes.com/actualites/justice-et-faits-divers/695
607,200,http://lesmanchettes.com/actualites/justice-et-faits-divers/696
608,200,http://lesmanchettes.com/actualites/justice-et-faits-divers/697
609,200,http://lesmanchettes.com/actualites/justice-et-faits-divers/698
610,200,http://lesmanchettes.com/actualites/justice-et-faits-divers/699
611,200,http://lesmanchettes.com/actualites/justice-et-faits-divers/700
612,200,http://lesmanchettes.com/actualites/justice-et-faits-divers/701
613,404,http://lesmanchettes.com/actualites/justice-et-faits-divers/702
614,200,http://lesmanchettes.com/actualites/justice-et-faits-divers/703
615,200,http://lesmanchettes.com/actualites/justice-et-faits-divers/704
616,200,http://lesmanchettes.com/actualites/justice-et-faits-divers/705
617,200,http://lesmanchettes.com/actualites/justice-et-faits-divers/706
618,200,http://lesmanchettes.com/actualites/justice-et-faits-divers/707
619,200,http://lesmanchettes.com/actualites/justice-et-faits-divers/708
620,200,http://lesmanchettes.com/actualites/justice-et-faits-divers/709
621,200,http://lesmanchettes.com/actualites/justice-et-faits-divers/710
622,404,http://lesmanchettes.com/actualites/justice-et-faits-divers/711
623,200,http://lesmanchettes.com/actualites/justice-et-faits-divers/712
624,200,http://lesmanchettes.com/actualites/justice-et-faits-divers/713
625,200,http://lesmanchettes.com/actualites/justice-et-faits-divers/714
626,200,http://lesmanchettes.com/actualites/justice-et-faits-divers/715
627,200,http://lesmanchettes.com/actualites/justice-et-faits-divers/716
628,200,http://lesmanchettes.com/actualites/justice-et-faits-divers/717
629,404,http://lesmanchettes.com/actualites/justice-et-faits-divers/718
630,200,http://lesmanchettes.com/actualites/justice-et-faits-divers/719
631,200,http://lesmanchettes.com/actualites/justice-et-faits-divers/720
632,200,http://lesmanchettes.com/actualites/justice-et-faits-divers/721
633,200,http://lesmanchettes.com/actualites/justice-et-faits-divers/722
634,200,http://lesmanchettes.com/actualites/justice-et-faits-divers/723
635,200,http://lesmanchettes.com/actualites/justice-et-faits-divers/724
636,200,http://lesmanchettes.com/actualites/justice-et-faits-divers/725
637,200,http://lesmanchettes.com/actualites/justice-et-faits-divers/726
638,200,http://lesmanchettes.com/actualites/justice-et-faits-divers/727
639,200,http://lesmanchettes.com/actualites/justice-et-faits-divers/728
640,404,http://lesmanchettes.com/actualites/justice-et-faits-divers/729
641,404,http://lesmanchettes.com/actualites/justice-et-faits-divers/730
642,404,http://lesmanchettes.com/actualites/justice-et-faits-divers/731
643,200,http://lesmanchettes.com/actualites/justice-et-faits-divers/732
644,200,http://lesmanchettes.com/actualites/justice-et-faits-divers/733
645,200,http://lesmanchettes.com/actualites/justice-et-faits-divers/734
646,200,http://lesmanchettes.com/actualites/justice-et-faits-divers/735
647,200,http://lesmanchettes.com/actualites/justice-et-faits-divers/736
648,404,http://lesmanchettes.com/actualites/justice-et-faits-divers/737
649,200,http://lesmanchettes.com/actualites/justice-et-faits-divers/738
650,200,http://lesmanchettes.com/actualites/justice-et-faits-divers/739
651,200,http://lesmanchettes.com/actualites/justice-et-faits-divers/740
652,200,http://lesmanchettes.com/actualites/justice-et-faits-divers/741
653,200,http://lesmanchettes.com/actualites/justice-et-faits-divers/742
654,200,http://lesmanchettes.com/actualites/justice-et-faits-divers/743
655,404,http://lesmanchettes.com/actualites/justice-et-faits-divers/744
656,404,http://lesmanchettes.com/actualites/justice-et-faits-divers/745
657,200,http://lesmanchettes.com/actualites/justice-et-faits-divers/746
658,200,http://lesmanchettes.com/actualites/justice-et-faits-divers/747
659,200,http://lesmanchettes.com/actualites/justice-et-faits-divers/748
660,200,http://lesmanchettes.com/actualites/justice-et-faits-divers/749
661,200,http://lesmanchettes.com/actualites/justice-et-faits-divers/750
662,200,http://lesmanchettes.com/actualites/justice-et-faits-divers/751
663,200,http://lesmanchettes.com/actualites/justice-et-faits-divers/752
664,200,http://lesmanchettes.com/actualites/justice-et-faits-divers/753
665,200,http://lesmanchettes.com/actualites/justice-et-faits-divers/754
666,200,http://lesmanchettes.com/actualites/justice-et-faits-divers/755
667,200,http://lesmanchettes.com/actualites/justice-et-faits-divers/756
668,200,http://lesmanchettes.com/actualites/justice-et-faits-divers/757
669,200,http://lesmanchettes.com/actualites/justice-et-faits-divers/758
670,200,http://lesmanchettes.com/actualites/justice-et-faits-divers/759
671,200,http://lesmanchettes.com/actualites/justice-et-faits-divers/760
672,200,http://lesmanchettes.com/actualites/justice-et-faits-divers/761
673,200,http://lesmanchettes.com/actualites/justice-et-faits-divers/762
674,200,http://lesmanchettes.com/actualites/justice-et-faits-divers/763
675,200,http://lesmanchettes.com/actualites/justice-et-faits-divers/764
676,200,http://lesmanchettes.com/actualites/justice-et-faits-divers/765
677,200,http://lesmanchettes.com/actualites/justice-et-faits-divers/766
678,200,http://lesmanchettes.com/actualites/justice-et-faits-divers/767
679,200,http://lesmanchettes.com/actualites/justice-et-faits-divers/768
680,200,http://lesmanchettes.com/actualites/justice-et-faits-divers/769
681,200,http://lesmanchettes.com/actualites/justice-et-faits-divers/770
682,200,http://lesmanchettes.com/actualites/justice-et-faits-divers/771
683,200,http://lesmanchettes.com/actualites/justice-et-faits-divers/772
684,200,http://lesmanchettes.com/actualites/justice-et-faits-divers/773
685,200,http://lesmanchettes.com/actualites/justice-et-faits-divers/774
686,200,http://lesmanchettes.com/actualites/justice-et-faits-divers/775
687,200,http://lesmanchettes.com/actualites/justice-et-faits-divers/776
688,200,http://lesmanchettes.com/actualites/justice-et-faits-divers/777
689,200,http://lesmanchettes.com/actualites/justice-et-faits-divers/778
690,200,http://lesmanchettes.com/actualites/justice-et-faits-divers/779
691,200,http://lesmanchettes.com/actualites/justice-et-faits-divers/780
692,200,http://lesmanchettes.com/actualites/justice-et-faits-divers/781
693,200,http://lesmanchettes.com/actualites/justice-et-faits-divers/782
694,200,http://lesmanchettes.com/actualites/justice-et-faits-divers/783
695,200,http://lesmanchettes.com/actualites/justice-et-faits-divers/784
696,200,http://lesmanchettes.com/actualites/justice-et-faits-divers/785
697,200,http://lesmanchettes.com/actualites/justice-et-faits-divers/786
698,200,http://lesmanchettes.com/actualites/justice-et-faits-divers/787
699,200,http://lesmanchettes.com/actualites/justice-et-faits-divers/788
700,200,http://lesmanchettes.com/actualites/justice-et-faits-divers/789
701,200,http://lesmanchettes.com/actualites/justice-et-faits-divers/790
702,200,http://lesmanchettes.com/actualites/justice-et-faits-divers/791
703,200,http://lesmanchettes.com/actualites/justice-et-faits-divers/792
704,200,http://lesmanchettes.com/actualites/justice-et-faits-divers/793
705,200,http://lesmanchettes.com/actualites/justice-et-faits-divers/794
706,200,http://lesmanchettes.com/actualites/justice-et-faits-divers/795
707,200,http://lesmanchettes.com/actualites/justice-et-faits-divers/796
708,200,http://lesmanchettes.com/actualites/justice-et-faits-divers/797
709,200,http://lesmanchettes.com/actualites/justice-et-faits-divers/798
710,200,http://lesmanchettes.com/actualites/justice-et-faits-divers/799
711,200,http://lesmanchettes.com/actualites/justice-et-faits-divers/800
712,200,http://lesmanchettes.com/actualites/justice-et-faits-divers/801
713,200,http://lesmanchettes.com/actualites/justice-et-faits-divers/802
714,200,http://lesmanchettes.com/actualites/justice-et-faits-divers/803
715,200,http://lesmanchettes.com/actualites/justice-et-faits-divers/804
716,200,http://lesmanchettes.com/actualites/justice-et-faits-divers/805
717,200,http://lesmanchettes.com/actualites/justice-et-faits-divers/806
718,200,http://lesmanchettes.com/actualites/justice-et-faits-divers/807
719,200,http://lesmanchettes.com/actualites/justice-et-faits-divers/808
720,200,http://lesmanchettes.com/actualites/justice-et-faits-divers/809
721,200,http://lesmanchettes.com/actualites/justice-et-faits-divers/810
722,200,http://lesmanchettes.com/actualites/justice-et-faits-divers/811
723,200,http://lesmanchettes.com/actualites/justice-et-faits-divers/812
724,200,http://lesmanchettes.com/actualites/justice-et-faits-divers/813
725,200,http://lesmanchettes.com/actualites/justice-et-faits-divers/814
726,200,http://lesmanchettes.com/actualites/justice-et-faits-divers/815
727,200,http://lesmanchettes.com/actualites/justice-et-faits-divers/816
728,200,http://lesmanchettes.com/actualites/justice-et-faits-divers/817
729,200,http://lesmanchettes.com/actualites/justice-et-faits-divers/818
730,200,http://lesmanchettes.com/actualites/justice-et-faits-divers/819
731,200,http://lesmanchettes.com/actualites/justice-et-faits-divers/820
732,200,http://lesmanchettes.com/actualites/justice-et-faits-divers/821
733,200,http://lesmanchettes.com/actualites/justice-et-faits-divers/822
734,200,http://lesmanchettes.com/actualites/justice-et-faits-divers/823
735,200,http://lesmanchettes.com/actualites/justice-et-faits-divers/824
736,200,http://lesmanchettes.com/actualites/justice-et-faits-divers/825
737,200,http://lesmanchettes.com/actualites/justice-et-faits-divers/826
738,200,http://lesmanchettes.com/actualites/justice-et-faits-divers/827
739,200,http://lesmanchettes.com/actualites/justice-et-faits-divers/828
740,200,http://lesmanchettes.com/actualites/justice-et-faits-divers/829
741,200,http://lesmanchettes.com/actualites/justice-et-faits-divers/830
742,200,http://lesmanchettes.com/actualites/justice-et-faits-divers/831
743,200,http://lesmanchettes.com/actualites/justice-et-faits-divers/832
744,200,http://lesmanchettes.com/actualites/justice-et-faits-divers/833
745,200,http://lesmanchettes.com/actualites/justice-et-faits-divers/834
746,200,http://lesmanchettes.com/actualites/justice-et-faits-divers/835
747,200,http://lesmanchettes.com/actualites/justice-et-faits-divers/836
748,200,http://lesmanchettes.com/actualites/justice-et-faits-divers/837
749,200,http://lesmanchettes.com/actualites/justice-et-faits-divers/838
750,200,http://lesmanchettes.com/actualites/justice-et-faits-divers/839
751,200,http://lesmanchettes.com/actualites/justice-et-faits-divers/840
752,200,http://lesmanchettes.com/actualites/justice-et-faits-divers/841
753,200,http://lesmanchettes.com/actualites/justice-et-faits-divers/842
754,200,http://lesmanchettes.com/actualites/justice-et-faits-divers/843
755,200,http://lesmanchettes.com/actualites/justice-et-faits-divers/844
756,200,http://lesmanchettes.com/actualites/justice-et-faits-divers/845
757,200,http://lesmanchettes.com/actualites/justice-et-faits-divers/846
758,200,http://lesmanchettes.com/actualites/justice-et-faits-divers/847
759,200,http://lesmanchettes.com/actualites/justice-et-faits-divers/848
760,200,http://lesmanchettes.com/actualites/justice-et-faits-divers/849
761,200,http://lesmanchettes.com/actualites/justice-et-faits-divers/850
762,200,http://lesmanchettes.com/actualites/justice-et-faits-divers/851
763,200,http://lesmanchettes.com/actualites/justice-et-faits-divers/852
764,200,http://lesmanchettes.com/actualites/justice-et-faits-divers/853
765,200,http://lesmanchettes.com/actualites/justice-et-faits-divers/854
766,200,http://lesmanchettes.com/actualites/justice-et-faits-divers/855
767,200,http://lesmanchettes.com/actualites/justice-et-faits-divers/856
768,200,http://lesmanchettes.com/actualites/justice-et-faits-divers/857
769,200,http://lesmanchettes.com/actualites/justice-et-faits-divers/858
770,200,http://lesmanchettes.com/actualites/justice-et-faits-divers/859
771,200,http://lesmanchettes.com/actualites/justice-et-faits-divers/860
772,200,http://lesmanchettes.com/actualites/justice-et-faits-divers/861
773,200,http://lesmanchettes.com/actualites/justice-et-faits-divers/862
774,200,http://lesmanchettes.com/actualites/justice-et-faits-divers/863
775,200,http://lesmanchettes.com/actualites/justice-et-faits-divers/864
776,200,http://lesmanchettes.com/actualites/justice-et-faits-divers/865
777,200,http://lesmanchettes.com/actualites/justice-et-faits-divers/866
778,200,http://lesmanchettes.com/actualites/justice-et-faits-divers/867
779,200,http://lesmanchettes.com/actualites/justice-et-faits-divers/868
780,200,http://lesmanchettes.com/actualites/justice-et-faits-divers/869
781,200,http://lesmanchettes.com/actualites/justice-et-faits-divers/870
782,200,http://lesmanchettes.com/actualites/justice-et-faits-divers/871
783,200,http://lesmanchettes.com/actualites/justice-et-faits-divers/872
784,200,http://lesmanchettes.com/actualites/justice-et-faits-divers/873
785,200,http://lesmanchettes.com/actualites/justice-et-faits-divers/874
786,200,http://lesmanchettes.com/actualites/justice-et-faits-divers/875
787,200,http://lesmanchettes.com/actualites/justice-et-faits-divers/876
788,404,http://lesmanchettes.com/actualites/justice-et-faits-divers/877
789,200,http://lesmanchettes.com/actualites/justice-et-faits-divers/878
790,200,http://lesmanchettes.com/actualites/justice-et-faits-divers/879
791,200,http://lesmanchettes.com/actualites/justice-et-faits-divers/880
792,200,http://lesmanchettes.com/actualites/justice-et-faits-divers/881
793,404,http://lesmanchettes.com/actualites/justice-et-faits-divers/882
794,200,http://lesmanchettes.com/actualites/justice-et-faits-divers/883
795,200,http://lesmanchettes.com/actualites/justice-et-faits-divers/884
796,404,http://lesmanchettes.com/actualites/justice-et-faits-divers/885
797,404,http://lesmanchettes.com/actualites/justice-et-faits-divers/886
798,404,http://lesmanchettes.com/actualites/justice-et-faits-divers/887
799,200,http://lesmanchettes.com/actualites/justice-et-faits-divers/888
800,200,http://lesmanchettes.com/actualites/justice-et-faits-divers/889
801,200,http://lesmanchettes.com/actualites/justice-et-faits-divers/890
802,200,http://lesmanchettes.com/actualites/justice-et-faits-divers/891
803,200,http://lesmanchettes.com/actualites/justice-et-faits-divers/892
804,200,http://lesmanchettes.com/actualites/justice-et-faits-divers/893
805,404,http://lesmanchettes.com/actualites/justice-et-faits-divers/894
806,200,http://lesmanchettes.com/actualites/justice-et-faits-divers/895
807,200,http://lesmanchettes.com/actualites/justice-et-faits-divers/896
808,200,http://lesmanchettes.com/actualites/justice-et-faits-divers/897
809,200,http://lesmanchettes.com/actualites/justice-et-faits-divers/898
810,200,http://lesmanchettes.com/actualites/justice-et-faits-divers/899
811,200,http://lesmanchettes.com/actualites/justice-et-faits-divers/900
812,200,http://lesmanchettes.com/actualites/justice-et-faits-divers/901
813,200,http://lesmanchettes.com/actualites/justice-et-faits-divers/902
814,200,http://lesmanchettes.com/actualites/justice-et-faits-divers/903
815,200,http://lesmanchettes.com/actualites/justice-et-faits-divers/904
816,200,http://lesmanchettes.com/actualites/justice-et-faits-divers/905
817,200,http://lesmanchettes.com/actualites/justice-et-faits-divers/906
818,200,http://lesmanchettes.com/actualites/justice-et-faits-divers/907
819,200,http://lesmanchettes.com/actualites/justice-et-faits-divers/908
820,200,http://lesmanchettes.com/actualites/justice-et-faits-divers/909
821,404,http://lesmanchettes.com/actualites/justice-et-faits-divers/910
822,404,http://lesmanchettes.com/actualites/justice-et-faits-divers/911
823,200,http://lesmanchettes.com/actualites/justice-et-faits-divers/912
824,404,http://lesmanchettes.com/actualites/justice-et-faits-divers/913
825,200,http://lesmanchettes.com/actualites/justice-et-faits-divers/914
826,200,http://lesmanchettes.com/actualites/justice-et-faits-divers/915
827,200,http://lesmanchettes.com/actualites/justice-et-faits-divers/916
828,200,http://lesmanchettes.com/actualites/justice-et-faits-divers/917
829,404,http://lesmanchettes.com/actualites/justice-et-faits-divers/918
830,200,http://lesmanchettes.com/actualites/justice-et-faits-divers/919
831,200,http://lesmanchettes.com/actualites/justice-et-faits-divers/920
832,200,http://lesmanchettes.com/actualites/justice-et-faits-divers/921
833,404,http://lesmanchettes.com/actualites/justice-et-faits-divers/922
834,200,http://lesmanchettes.com/actualites/justice-et-faits-divers/923
835,200,http://lesmanchettes.com/actualites/justice-et-faits-divers/924
836,404,http://lesmanchettes.com/actualites/justice-et-faits-divers/925
837,200,http://lesmanchettes.com/actualites/justice-et-faits-divers/926
838,200,http://lesmanchettes.com/actualites/justice-et-faits-divers/927
839,200,http://lesmanchettes.com/actualites/justice-et-faits-divers/928
840,200,http://lesmanchettes.com/actualites/justice-et-faits-divers/929
841,200,http://lesmanchettes.com/actualites/justice-et-faits-divers/930
842,200,http://lesmanchettes.com/actualites/justice-et-faits-divers/931
843,200,http://lesmanchettes.com/actualites/justice-et-faits-divers/932
844,200,http://lesmanchettes.com/actualites/justice-et-faits-divers/933
845,200,http://lesmanchettes.com/actualites/justice-et-faits-divers/934
846,200,http://lesmanchettes.com/actualites/justice-et-faits-divers/935
847,200,http://lesmanchettes.com/actualites/justice-et-faits-divers/936
848,200,http://lesmanchettes.com/actualites/justice-et-faits-divers/937
849,404,http://lesmanchettes.com/actualites/justice-et-faits-divers/938
850,200,http://lesmanchettes.com/actualites/justice-et-faits-divers/939
851,200,http://lesmanchettes.com/actualites/justice-et-faits-divers/940
852,200,http://lesmanchettes.com/actualites/justice-et-faits-divers/941
853,200,http://lesmanchettes.com/actualites/justice-et-faits-divers/942
854,200,http://lesmanchettes.com/actualites/justice-et-faits-divers/943
855,200,http://lesmanchettes.com/actualites/justice-et-faits-divers/944
856,200,http://lesmanchettes.com/actualites/justice-et-faits-divers/945
857,200,http://lesmanchettes.com/actualites/justice-et-faits-divers/946
858,200,http://lesmanchettes.com/actualites/justice-et-faits-divers/947
859,404,http://lesmanchettes.com/actualites/justice-et-faits-divers/948
860,200,http://lesmanchettes.com/actualites/justice-et-faits-divers/949
861,404,http://lesmanchettes.com/actualites/justice-et-faits-divers/950
862,200,http://lesmanchettes.com/actualites/justice-et-faits-divers/951
863,200,http://lesmanchettes.com/actualites/justice-et-faits-divers/952
864,200,http://lesmanchettes.com/actualites/justice-et-faits-divers/953
865,200,http://lesmanchettes.com/actualites/justice-et-faits-divers/954
866,404,http://lesmanchettes.com/actualites/justice-et-faits-divers/955
867,200,http://lesmanchettes.com/actualites/justice-et-faits-divers/956
868,200,http://lesmanchettes.com/actualites/justice-et-faits-divers/957
869,200,http://lesmanchettes.com/actualites/justice-et-faits-divers/958
870,200,http://lesmanchettes.com/actualites/justice-et-faits-divers/959
871,200,http://lesmanchettes.com/actualites/justice-et-faits-divers/960
872,200,http://lesmanchettes.com/actualites/justice-et-faits-divers/961
873,404,http://lesmanchettes.com/actualites/justice-et-faits-divers/962
874,200,http://lesmanchettes.com/actualites/justice-et-faits-divers/963
875,200,http://lesmanchettes.com/actualites/justice-et-faits-divers/964
876,200,http://lesmanchettes.com/actualites/justice-et-faits-divers/965
877,200,http://lesmanchettes.com/actualites/justice-et-faits-divers/966
878,404,http://lesmanchettes.com/actualites/justice-et-faits-divers/967
879,200,http://lesmanchettes.com/actualites/justice-et-faits-divers/968
880,200,http://lesmanchettes.com/actualites/justice-et-faits-divers/969
881,200,http://lesmanchettes.com/actualites/justice-et-faits-divers/970
882,200,http://lesmanchettes.com/actualites/justice-et-faits-divers/971
883,404,http://lesmanchettes.com/actualites/justice-et-faits-divers/972
884,404,http://lesmanchettes.com/actualites/justice-et-faits-divers/973
885,200,http://lesmanchettes.com/actualites/justice-et-faits-divers/974
886,200,http://lesmanchettes.com/actualites/justice-et-faits-divers/975
887,200,http://lesmanchettes.com/actualites/justice-et-faits-divers/976
888,200,http://lesmanchettes.com/actualites/justice-et-faits-divers/977
889,404,http://lesmanchettes.com/actualites/justice-et-faits-divers/978
890,200,http://lesmanchettes.com/actualites/justice-et-faits-divers/979
891,200,http://lesmanchettes.com/actualites/justice-et-faits-divers/980
892,200,http://lesmanchettes.com/actualites/justice-et-faits-divers/981
893,404,http://lesmanchettes.com/actualites/justice-et-faits-divers/982
894,200,http://lesmanchettes.com/actualites/justice-et-faits-divers/983
895,404,http://lesmanchettes.com/actualites/justice-et-faits-divers/984
896,200,http://lesmanchettes.com/actualites/justice-et-faits-divers/985
897,404,http://lesmanchettes.com/actualites/justice-et-faits-divers/986
898,200,http://lesmanchettes.com/actualites/justice-et-faits-divers/987
899,200,http://lesmanchettes.com/actualites/justice-et-faits-divers/988
900,200,http://lesmanchettes.com/actualites/justice-et-faits-divers/989
901,200,http://lesmanchettes.com/actualites/justice-et-faits-divers/990
902,200,http://lesmanchettes.com/actualites/justice-et-faits-divers/991
903,200,http://lesmanchettes.com/actualites/justice-et-faits-divers/992
904,200,http://lesmanchettes.com/actualites/justice-et-faits-divers/993
905,200,http://lesmanchettes.com/actualites/justice-et-faits-divers/994
906,200,http://lesmanchettes.com/actualites/justice-et-faits-divers/995
907,200,http://lesmanchettes.com/actualites/justice-et-faits-divers/996
908,200,http://lesmanchettes.com/actualites/justice-et-faits-divers/997
909,404,http://lesmanchettes.com/actualites/justice-et-faits-divers/998
910,404,http://lesmanchettes.com/actualites/justice-et-faits-divers/999
911,200,http://lesmanchettes.com/actualites/justice-et-faits-divers/1000
912,200,http://lesmanchettes.com/actualites/justice-et-faits-divers/1001
913,404,http://lesmanchettes.com/actualites/justice-et-faits-divers/1002
914,200,http://lesmanchettes.com/actualites/justice-et-faits-divers/1003
915,200,http://lesmanchettes.com/actualites/justice-et-faits-divers/1004
916,200,http://lesmanchettes.com/actualites/justice-et-faits-divers/1005
917,200,http://lesmanchettes.com/actualites/justice-et-faits-divers/1006
918,200,http://lesmanchettes.com/actualites/justice-et-faits-divers/1007
919,200,http://lesmanchettes.com/actualites/justice-et-faits-divers/1008
920,404,http://lesmanchettes.com/actualites/justice-et-faits-divers/1009
921,200,http://lesmanchettes.com/actualites/justice-et-faits-divers/1010
922,200,http://lesmanchettes.com/actualites/justice-et-faits-divers/1011
923,404,http://lesmanchettes.com/actualites/justice-et-faits-divers/1012
924,200,http://lesmanchettes.com/actualites/justice-et-faits-divers/1013
925,200,http://lesmanchettes.com/actualites/justice-et-faits-divers/1014
926,404,http://lesmanchettes.com/actualites/justice-et-faits-divers/1015
927,200,http://lesmanchettes.com/actualites/justice-et-faits-divers/1016
928,200,http://lesmanchettes.com/actualites/justice-et-faits-divers/1017
929,200,http://lesmanchettes.com/actualites/justice-et-faits-divers/1018
930,200,http://lesmanchettes.com/actualites/justice-et-faits-divers/1019
931,200,http://lesmanchettes.com/actualites/justice-et-faits-divers/1020
932,200,http://lesmanchettes.com/actualites/justice-et-faits-divers/1021
933,200,http://lesmanchettes.com/actualites/justice-et-faits-divers/1022
934,200,http://lesmanchettes.com/actualites/justice-et-faits-divers/1023
935,404,http://lesmanchettes.com/actualites/justice-et-faits-divers/1024
936,200,http://lesmanchettes.com/actualites/justice-et-faits-divers/1025
937,404,http://lesmanchettes.com/actualites/justice-et-faits-divers/1026
938,200,http://lesmanchettes.com/actualites/justice-et-faits-divers/1027
939,200,http://lesmanchettes.com/actualites/justice-et-faits-divers/1028
940,404,http://lesmanchettes.com/actualites/justice-et-faits-divers/1029
941,200,http://lesmanchettes.com/actualites/justice-et-faits-divers/1030
942,200,http://lesmanchettes.com/actualites/justice-et-faits-divers/1031
943,200,http://lesmanchettes.com/actualites/justice-et-faits-divers/1032
944,200,http://lesmanchettes.com/actualites/justice-et-faits-divers/1033
945,200,http://lesmanchettes.com/actualites/justice-et-faits-divers/1034
946,200,http://lesmanchettes.com/actualites/justice-et-faits-divers/1035
947,200,http://lesmanchettes.com/actualites/justice-et-faits-divers/1036
948,200,http://lesmanchettes.com/actualites/justice-et-faits-divers/1037
949,200,http://lesmanchettes.com/actualites/justice-et-faits-divers/1038
950,404,http://lesmanchettes.com/actualites/justice-et-faits-divers/1039
951,200,http://lesmanchettes.com/actualites/justice-et-faits-divers/1040
952,200,http://lesmanchettes.com/actualites/justice-et-faits-divers/1041
953,200,http://lesmanchettes.com/actualites/justice-et-faits-divers/1042
954,200,http://lesmanchettes.com/actualites/justice-et-faits-divers/1043
955,404,http://lesmanchettes.com/actualites/justice-et-faits-divers/1044
956,200,http://lesmanchettes.com/actualites/justice-et-faits-divers/1045
957,200,http://lesmanchettes.com/actualites/justice-et-faits-divers/1046
958,200,http://lesmanchettes.com/actualites/justice-et-faits-divers/1047
959,200,http://lesmanchettes.com/actualites/justice-et-faits-divers/1048
960,200,http://lesmanchettes.com/actualites/justice-et-faits-divers/1049
961,200,http://lesmanchettes.com/actualites/justice-et-faits-divers/1050
962,200,http://lesmanchettes.com/actualites/justice-et-faits-divers/1051
963,200,http://lesmanchettes.com/actualites/justice-et-faits-divers/1052
964,200,http://lesmanchettes.com/actualites/justice-et-faits-divers/1053
965,200,http://lesmanchettes.com/actualites/justice-et-faits-divers/1054
966,200,http://lesmanchettes.com/actualites/justice-et-faits-divers/1055
967,200,http://lesmanchettes.com/actualites/justice-et-faits-divers/1056
968,200,http://lesmanchettes.com/actualites/justice-et-faits-divers/1057
969,200,http://lesmanchettes.com/actualites/justice-et-faits-divers/1058
970,200,http://lesmanchettes.com/actualites/justice-et-faits-divers/1059
971,200,http://lesmanchettes.com/actualites/justice-et-faits-divers/1060
972,200,http://lesmanchettes.com/actualites/justice-et-faits-divers/1061
973,200,http://lesmanchettes.com/actualites/justice-et-faits-divers/1062
974,200,http://lesmanchettes.com/actualites/justice-et-faits-divers/1063
975,200,http://lesmanchettes.com/actualites/justice-et-faits-divers/1064
976,200,http://lesmanchettes.com/actualites/justice-et-faits-divers/1065
977,200,http://lesmanchettes.com/actualites/justice-et-faits-divers/1066
978,200,http://lesmanchettes.com/actualites/justice-et-faits-divers/1067
979,200,http://lesmanchettes.com/actualites/justice-et-faits-divers/1068
980,200,http://lesmanchettes.com/actualites/justice-et-faits-divers/1069
981,200,http://lesmanchettes.com/actualites/justice-et-faits-divers/1070
982,200,http://lesmanchettes.com/actualites/justice-et-faits-divers/1071
983,200,http://lesmanchettes.com/actualites/justice-et-faits-divers/1072
984,200,http://lesmanchettes.com/actualites/justice-et-faits-divers/1073
985,200,http://lesmanchettes.com/actualites/justice-et-faits-divers/1074
986,200,http://lesmanchettes.com/actualites/justice-et-faits-divers/1075
987,200,http://lesmanchettes.com/actualites/justice-et-faits-divers/1076
988,200,http://lesmanchettes.com/actualites/justice-et-faits-divers/1077
989,200,http://lesmanchettes.com/actualites/justice-et-faits-divers/1078
990,200,http://lesmanchettes.com/actualites/justice-et-faits-divers/1079
991,200,http://lesmanchettes.com/actualites/justice-et-faits-divers/1080
992,200,http://lesmanchettes.com/actualites/justice-et-faits-divers/1081
993,200,http://lesmanchettes.com/actualites/justice-et-faits-divers/1082
994,200,http://lesmanchettes.com/actualites/justice-et-faits-divers/1083
995,200,http://lesmanchettes.com/actualites/justice-et-faits-divers/1084
996,200,http://lesmanchettes.com/actualites/justice-et-faits-divers/1085
997,200,http://lesmanchettes.com/actualites/justice-et-faits-divers/1086
998,200,http://lesmanchettes.com/actualites/justice-et-faits-divers/1087
999,404,http://lesmanchettes.com/actualites/justice-et-faits-divers/1088
1000,200,http://lesmanchettes.com/actualites/justice-et-faits-divers/1089
1001,200,http://lesmanchettes.com/actualites/justice-et-faits-divers/1090
1002,200,http://lesmanchettes.com/actualites/justice-et-faits-divers/1091
1003,200,http://lesmanchettes.com/actualites/justice-et-faits-divers/1092
1004,404,http://lesmanchettes.com/actualites/justice-et-faits-divers/1093
1005,200,http://lesmanchettes.com/actualites/justice-et-faits-divers/1094
1006,200,http://lesmanchettes.com/actualites/justice-et-faits-divers/1095
1007,200,http://lesmanchettes.com/actualites/justice-et-faits-divers/1096
1008,200,http://lesmanchettes.com/actualites/justice-et-faits-divers/1097
1009,200,http://lesmanchettes.com/actualites/justice-et-faits-divers/1098
1010,200,http://lesmanchettes.com/actualites/justice-et-faits-divers/1099
1011,200,http://lesmanchettes.com/actualites/justice-et-faits-divers/1100
1012,200,http://lesmanchettes.com/actualites/justice-et-faits-divers/1101
1013,404,http://lesmanchettes.com/actualites/justice-et-faits-divers/1102
1014,200,http://lesmanchettes.com/actualites/justice-et-faits-divers/1103
1015,200,http://lesmanchettes.com/actualites/justice-et-faits-divers/1104
1016,200,http://lesmanchettes.com/actualites/justice-et-faits-divers/1105
1017,200,http://lesmanchettes.com/actualites/justice-et-faits-divers/1106
1018,200,http://lesmanchettes.com/actualites/justice-et-faits-divers/1107
1019,200,http://lesmanchettes.com/actualites/justice-et-faits-divers/1108
1020,200,http://lesmanchettes.com/actualites/justice-et-faits-divers/1109
1021,200,http://lesmanchettes.com/actualites/justice-et-faits-divers/1110
1022,200,http://lesmanchettes.com/actualites/justice-et-faits-divers/1111
1023,200,http://lesmanchettes.com/actualites/justice-et-faits-divers/1112
1024,200,http://lesmanchettes.com/actualites/justice-et-faits-divers/1113
1025,200,http://lesmanchettes.com/actualites/justice-et-faits-divers/1114
1026,200,http://lesmanchettes.com/actualites/justice-et-faits-divers/1115
1027,200,http://lesmanchettes.com/actualites/justice-et-faits-divers/1116
1028,404,http://lesmanchettes.com/actualites/justice-et-faits-divers/1117
1029,200,http://lesmanchettes.com/actualites/justice-et-faits-divers/1118
1030,404,http://lesmanchettes.com/actualites/justice-et-faits-divers/1119
1031,200,http://lesmanchettes.com/actualites/justice-et-faits-divers/1120
1032,200,http://lesmanchettes.com/actualites/justice-et-faits-divers/1121
1033,200,http://lesmanchettes.com/actualites/justice-et-faits-divers/1122
1034,200,http://lesmanchettes.com/actualites/justice-et-faits-divers/1123
1035,200,http://lesmanchettes.com/actualites/justice-et-faits-divers/1124
1036,200,http://lesmanchettes.com/actualites/justice-et-faits-divers/1125
1037,200,http://lesmanchettes.com/actualites/justice-et-faits-divers/1126
1038,200,http://lesmanchettes.com/actualites/justice-et-faits-divers/1127
1039,200,http://lesmanchettes.com/actualites/justice-et-faits-divers/1128
1040,200,http://lesmanchettes.com/actualites/justice-et-faits-divers/1129
1041,200,http://lesmanchettes.com/actualites/justice-et-faits-divers/1130
1042,200,http://lesmanchettes.com/actualites/justice-et-faits-divers/1131
1043,200,http://lesmanchettes.com/actualites/justice-et-faits-divers/1132
1044,200,http://lesmanchettes.com/actualites/justice-et-faits-divers/1133
1045,200,http://lesmanchettes.com/actualites/justice-et-faits-divers/1134
1046,200,http://lesmanchettes.com/actualites/justice-et-faits-divers/1135
1047,200,http://lesmanchettes.com/actualites/justice-et-faits-divers/1136
1048,404,http://lesmanchettes.com/actualites/justice-et-faits-divers/1137
1049,404,http://lesmanchettes.com/actualites/justice-et-faits-divers/1138
1050,200,http://lesmanchettes.com/actualites/justice-et-faits-divers/1139
1051,404,http://lesmanchettes.com/actualites/justice-et-faits-divers/1140
1052,200,http://lesmanchettes.com/actualites/justice-et-faits-divers/1141
1053,200,http://lesmanchettes.com/actualites/justice-et-faits-divers/1142
1054,200,http://lesmanchettes.com/actualites/justice-et-faits-divers/1143
1055,200,http://lesmanchettes.com/actualites/justice-et-faits-divers/1144
1056,200,http://lesmanchettes.com/actualites/justice-et-faits-divers/1145
1057,200,http://lesmanchettes.com/actualites/justice-et-faits-divers/1146
1058,200,http://lesmanchettes.com/actualites/justice-et-faits-divers/1147
1059,404,http://lesmanchettes.com/actualites/justice-et-faits-divers/1148
1060,200,http://lesmanchettes.com/actualites/justice-et-faits-divers/1149
1061,200,http://lesmanchettes.com/actualites/justice-et-faits-divers/1150
1062,200,http://lesmanchettes.com/actualites/justice-et-faits-divers/1151
1063,200,http://lesmanchettes.com/actualites/justice-et-faits-divers/1152
1064,404,http://lesmanchettes.com/actualites/justice-et-faits-divers/1153
1065,200,http://lesmanchettes.com/actualites/justice-et-faits-divers/1154
1066,404,http://lesmanchettes.com/actualites/justice-et-faits-divers/1155
1067,200,http://lesmanchettes.com/actualites/justice-et-faits-divers/1156
1068,404,http://lesmanchettes.com/actualites/justice-et-faits-divers/1157
1069,200,http://lesmanchettes.com/actualites/justice-et-faits-divers/1158
1070,200,http://lesmanchettes.com/actualites/justice-et-faits-divers/1159
1071,200,http://lesmanchettes.com/actualites/justice-et-faits-divers/1160
1072,200,http://lesmanchettes.com/actualites/justice-et-faits-divers/1161
1073,200,http://lesmanchettes.com/actualites/justice-et-faits-divers/1162
1074,200,http://lesmanchettes.com/actualites/justice-et-faits-divers/1163
1075,200,http://lesmanchettes.com/actualites/justice-et-faits-divers/1164
1076,200,http://lesmanchettes.com/actualites/justice-et-faits-divers/1165
1077,200,http://lesmanchettes.com/actualites/justice-et-faits-divers/1166
1078,404,http://lesmanchettes.com/actualites/justice-et-faits-divers/1167
1079,404,http://lesmanchettes.com/actualites/justice-et-faits-divers/1168
1080,200,http://lesmanchettes.com/actualites/justice-et-faits-divers/1169
1081,200,http://lesmanchettes.com/actualites/justice-et-faits-divers/1170
1082,404,http://lesmanchettes.com/actualites/justice-et-faits-divers/1171
1083,404,http://lesmanchettes.com/actualites/justice-et-faits-divers/1172
1084,200,http://lesmanchettes.com/actualites/justice-et-faits-divers/1173
1085,404,http://lesmanchettes.com/actualites/justice-et-faits-divers/1174
1086,200,http://lesmanchettes.com/actualites/justice-et-faits-divers/1175
1087,404,http://lesmanchettes.com/actualites/justice-et-faits-divers/1176
1088,200,http://lesmanchettes.com/actualites/justice-et-faits-divers/1177
1089,200,http://lesmanchettes.com/actualites/justice-et-faits-divers/1178
1090,200,http://lesmanchettes.com/actualites/justice-et-faits-divers/1179
1091,404,http://lesmanchettes.com/actualites/justice-et-faits-divers/1180
1092,404,http://lesmanchettes.com/actualites/justice-et-faits-divers/1181
1093,200,http://lesmanchettes.com/actualites/justice-et-faits-divers/1182
1094,200,http://lesmanchettes.com/actualites/justice-et-faits-divers/1183
1095,200,http://lesmanchettes.com/actualites/justice-et-faits-divers/1184
1096,200,http://lesmanchettes.com/actualites/justice-et-faits-divers/1185
1097,404,http://lesmanchettes.com/actualites/justice-et-faits-divers/1186
1098,200,http://lesmanchettes.com/actualites/justice-et-faits-divers/1187
1099,200,http://lesmanchettes.com/actualites/justice-et-faits-divers/1188
1100,200,http://lesmanchettes.com/actualites/justice-et-faits-divers/1189
1101,200,http://lesmanchettes.com/actualites/justice-et-faits-divers/1190
1102,404,http://lesmanchettes.com/actualites/justice-et-faits-divers/1191
1103,200,http://lesmanchettes.com/actualites/justice-et-faits-divers/1192
1104,200,http://lesmanchettes.com/actualites/justice-et-faits-divers/1193
1105,200,http://lesmanchettes.com/actualites/justice-et-faits-divers/1194
1106,200,http://lesmanchettes.com/actualites/justice-et-faits-divers/1195
1107,200,http://lesmanchettes.com/actualites/justice-et-faits-divers/1196
1108,404,http://lesmanchettes.com/actualites/justice-et-faits-divers/1197
1109,404,http://lesmanchettes.com/actualites/justice-et-faits-divers/1198
1110,404,http://lesmanchettes.com/actualites/justice-et-faits-divers/1199
1111,200,http://lesmanchettes.com/actualites/justice-et-faits-divers/1200
1112,404,http://lesmanchettes.com/actualites/justice-et-faits-divers/1201
1113,200,http://lesmanchettes.com/actualites/justice-et-faits-divers/1202
1114,200,http://lesmanchettes.com/actualites/justice-et-faits-divers/1203
1115,404,http://lesmanchettes.com/actualites/justice-et-faits-divers/1204
1116,200,http://lesmanchettes.com/actualites/justice-et-faits-divers/1205
1117,200,http://lesmanchettes.com/actualites/justice-et-faits-divers/1206
1118,200,http://lesmanchettes.com/actualites/justice-et-faits-divers/1207
1119,404,http://lesmanchettes.com/actualites/justice-et-faits-divers/1208
1120,404,http://lesmanchettes.com/actualites/justice-et-faits-divers/1209
1121,200,http://lesmanchettes.com/actualites/justice-et-faits-divers/1210
1122,404,http://lesmanchettes.com/actualites/justice-et-faits-divers/1211
1123,200,http://lesmanchettes.com/actualites/justice-et-faits-divers/1212
1124,200,http://lesmanchettes.com/actualites/justice-et-faits-divers/1213
1125,200,http://lesmanchettes.com/actualites/justice-et-faits-divers/1214
1126,200,http://lesmanchettes.com/actualites/justice-et-faits-divers/1215
1127,200,http://lesmanchettes.com/actualites/justice-et-faits-divers/1216
1128,200,http://lesmanchettes.com/actualites/justice-et-faits-divers/1217
1129,404,http://lesmanchettes.com/actualites/justice-et-faits-divers/1218
1130,200,http://lesmanchettes.com/actualites/justice-et-faits-divers/1219
1131,404,http://lesmanchettes.com/actualites/justice-et-faits-divers/1220
1132,404,http://lesmanchettes.com/actualites/justice-et-faits-divers/1221
1133,200,http://lesmanchettes.com/actualites/justice-et-faits-divers/1222
1134,200,http://lesmanchettes.com/actualites/justice-et-faits-divers/1223
1135,200,http://lesmanchettes.com/actualites/justice-et-faits-divers/1224
1136,200,http://lesmanchettes.com/actualites/justice-et-faits-divers/1225
1137,200,http://lesmanchettes.com/actualites/justice-et-faits-divers/1226
1138,200,http://lesmanchettes.com/actualites/justice-et-faits-divers/1227
1139,200,http://lesmanchettes.com/actualites/justice-et-faits-divers/1228
1140,200,http://lesmanchettes.com/actualites/justice-et-faits-divers/1229
1141,200,http://lesmanchettes.com/actualites/justice-et-faits-divers/1230
1142,200,http://lesmanchettes.com/actualites/justice-et-faits-divers/1231
1143,200,http://lesmanchettes.com/actualites/justice-et-faits-divers/1232
1144,200,http://lesmanchettes.com/actualites/justice-et-faits-divers/1233
1145,200,http://lesmanchettes.com/actualites/justice-et-faits-divers/1234
1146,404,http://lesmanchettes.com/actualites/justice-et-faits-divers/1235
1147,200,http://lesmanchettes.com/actualites/justice-et-faits-divers/1236
1148,200,http://lesmanchettes.com/actualites/justice-et-faits-divers/1237
1149,200,http://lesmanchettes.com/actualites/justice-et-faits-divers/1238
1150,404,http://lesmanchettes.com/actualites/justice-et-faits-divers/1239
1151,404,http://lesmanchettes.com/actualites/justice-et-faits-divers/1240
1152,200,http://lesmanchettes.com/actualites/justice-et-faits-divers/1241
1153,200,http://lesmanchettes.com/actualites/justice-et-faits-divers/1242
1154,404,http://lesmanchettes.com/actualites/justice-et-faits-divers/1243
1155,200,http://lesmanchettes.com/actualites/justice-et-faits-divers/1244
1156,200,http://lesmanchettes.com/actualites/justice-et-faits-divers/1245
1157,404,http://lesmanchettes.com/actualites/justice-et-faits-divers/1246
1158,200,http://lesmanchettes.com/actualites/justice-et-faits-divers/1247
1159,200,http://lesmanchettes.com/actualites/justice-et-faits-divers/1248
1160,200,http://lesmanchettes.com/actualites/justice-et-faits-divers/1249
1161,404,http://lesmanchettes.com/actualites/justice-et-faits-divers/1250
1162,200,http://lesmanchettes.com/actualites/justice-et-faits-divers/1251
1163,200,http://lesmanchettes.com/actualites/justice-et-faits-divers/1252
1164,200,http://lesmanchettes.com/actualites/justice-et-faits-divers/1253
1165,404,http://lesmanchettes.com/actualites/justice-et-faits-divers/1254
1166,200,http://lesmanchettes.com/actualites/justice-et-faits-divers/1255
1167,200,http://lesmanchettes.com/actualites/justice-et-faits-divers/1256
1168,404,http://lesmanchettes.com/actualites/justice-et-faits-divers/1257
1169,404,http://lesmanchettes.com/actualites/justice-et-faits-divers/1258
1170,200,http://lesmanchettes.com/actualites/justice-et-faits-divers/1259
1171,200,http://lesmanchettes.com/actualites/justice-et-faits-divers/1260
1172,200,http://lesmanchettes.com/actualites/justice-et-faits-divers/1261
1173,200,http://lesmanchettes.com/actualites/justice-et-faits-divers/1262
1174,200,http://lesmanchettes.com/actualites/justice-et-faits-divers/1263
1175,404,http://lesmanchettes.com/actualites/justice-et-faits-divers/1264
1176,200,http://lesmanchettes.com/actualites/justice-et-faits-divers/1265
1177,200,http://lesmanchettes.com/actualites/justice-et-faits-divers/1266
1178,200,http://lesmanchettes.com/actualites/justice-et-faits-divers/1267
1179,200,http://lesmanchettes.com/actualites/justice-et-faits-divers/1268
1180,200,http://lesmanchettes.com/actualites/justice-et-faits-divers/1269
1181,200,http://lesmanchettes.com/actualites/justice-et-faits-divers/1270
1182,200,http://lesmanchettes.com/actualites/justice-et-faits-divers/1271
1183,404,http://lesmanchettes.com/actualites/justice-et-faits-divers/1272
1184,200,http://lesmanchettes.com/actualites/justice-et-faits-divers/1273
1185,200,http://lesmanchettes.com/actualites/justice-et-faits-divers/1274
1186,200,http://lesmanchettes.com/actualites/justice-et-faits-divers/1275
1187,200,http://lesmanchettes.com/actualites/justice-et-faits-divers/1276
1188,200,http://lesmanchettes.com/actualites/justice-et-faits-divers/1277
1189,200,http://lesmanchettes.com/actualites/justice-et-faits-divers/1278
1190,200,http://lesmanchettes.com/actualites/justice-et-faits-divers/1279
1191,200,http://lesmanchettes.com/actualites/justice-et-faits-divers/1280
1192,200,http://lesmanchettes.com/actualites/justice-et-faits-divers/1281
1193,200,http://lesmanchettes.com/actualites/justice-et-faits-divers/1282
1194,200,http://lesmanchettes.com/actualites/justice-et-faits-divers/1283
1195,200,http://lesmanchettes.com/actualites/justice-et-faits-divers/1284
1196,200,http://lesmanchettes.com/actualites/justice-et-faits-divers/1285
1197,404,http://lesmanchettes.com/actualites/justice-et-faits-divers/1286
1198,200,http://lesmanchettes.com/actualites/justice-et-faits-divers/1287
1199,404,http://lesmanchettes.com/actualites/justice-et-faits-divers/1288
1200,200,http://lesmanchettes.com/actualites/justice-et-faits-divers/1289
1201,200,http://lesmanchettes.com/actualites/justice-et-faits-divers/1290
1202,200,http://lesmanchettes.com/actualites/justice-et-faits-divers/1291
1203,404,http://lesmanchettes.com/actualites/justice-et-faits-divers/1292
1204,404,http://lesmanchettes.com/actualites/justice-et-faits-divers/1293
1205,200,http://lesmanchettes.com/actualites/justice-et-faits-divers/1294
1206,200,http://lesmanchettes.com/actualites/justice-et-faits-divers/1295
1207,200,http://lesmanchettes.com/actualites/justice-et-faits-divers/1296
1208,200,http://lesmanchettes.com/actualites/justice-et-faits-divers/1297
1209,200,http://lesmanchettes.com/actualites/justice-et-faits-divers/1298
1210,200,http://lesmanchettes.com/actualites/justice-et-faits-divers/1299
1211,200,http://lesmanchettes.com/actualites/justice-et-faits-divers/1300
1212,200,http://lesmanchettes.com/actualites/justice-et-faits-divers/1301
1213,200,http://lesmanchettes.com/actualites/justice-et-faits-divers/1302
1214,200,http://lesmanchettes.com/actualites/justice-et-faits-divers/1303
1215,200,http://lesmanchettes.com/actualites/justice-et-faits-divers/1304
1216,200,http://lesmanchettes.com/actualites/justice-et-faits-divers/1305
1217,200,http://lesmanchettes.com/actualites/justice-et-faits-divers/1306
1218,200,http://lesmanchettes.com/actualites/justice-et-faits-divers/1307
1219,404,http://lesmanchettes.com/actualites/justice-et-faits-divers/1308
1220,200,http://lesmanchettes.com/actualites/justice-et-faits-divers/1309
1221,200,http://lesmanchettes.com/actualites/justice-et-faits-divers/1310
1222,404,http://lesmanchettes.com/actualites/justice-et-faits-divers/1311
1223,200,http://lesmanchettes.com/actualites/justice-et-faits-divers/1312
1224,200,http://lesmanchettes.com/actualites/justice-et-faits-divers/1313
1225,200,http://lesmanchettes.com/actualites/justice-et-faits-divers/1314
1226,200,http://lesmanchettes.com/actualites/justice-et-faits-divers/1315
1227,200,http://lesmanchettes.com/actualites/justice-et-faits-divers/1316
1228,200,http://lesmanchettes.com/actualites/justice-et-faits-divers/1317
1229,200,http://lesmanchettes.com/actualites/justice-et-faits-divers/1318
1230,200,http://lesmanchettes.com/actualites/justice-et-faits-divers/1319
1231,200,http://lesmanchettes.com/actualites/justice-et-faits-divers/1320
1232,200,http://lesmanchettes.com/actualites/justice-et-faits-divers/1321
1233,404,http://lesmanchettes.com/actualites/justice-et-faits-divers/1322
1234,200,http://lesmanchettes.com/actualites/justice-et-faits-divers/1323
1235,200,http://lesmanchettes.com/actualites/justice-et-faits-divers/1324
1236,200,http://lesmanchettes.com/actualites/justice-et-faits-divers/1325
1237,404,http://lesmanchettes.com/actualites/justice-et-faits-divers/1326
1238,200,http://lesmanchettes.com/actualites/justice-et-faits-divers/1327
1239,200,http://lesmanchettes.com/actualites/justice-et-faits-divers/1328
1240,200,http://lesmanchettes.com/actualites/justice-et-faits-divers/1329
1241,200,http://lesmanchettes.com/actualites/justice-et-faits-divers/1330
1242,200,http://lesmanchettes.com/actualites/justice-et-faits-divers/1331
1243,200,http://lesmanchettes.com/actualites/justice-et-faits-divers/1332
1244,200,http://lesmanchettes.com/actualites/justice-et-faits-divers/1333
1245,200,http://lesmanchettes.com/actualites/justice-et-faits-divers/1334
1246,404,http://lesmanchettes.com/actualites/justice-et-faits-divers/1335
1247,200,http://lesmanchettes.com/actualites/justice-et-faits-divers/1336
1248,404,http://lesmanchettes.com/actualites/justice-et-faits-divers/1337
1249,200,http://lesmanchettes.com/actualites/justice-et-faits-divers/1338
1250,200,http://lesmanchettes.com/actualites/justice-et-faits-divers/1339
1251,200,http://lesmanchettes.com/actualites/justice-et-faits-divers/1340
1252,200,http://lesmanchettes.com/actualites/justice-et-faits-divers/1341
1253,200,http://lesmanchettes.com/actualites/justice-et-faits-divers/1342
1254,200,http://lesmanchettes.com/actualites/justice-et-faits-divers/1343
1255,200,http://lesmanchettes.com/actualites/justice-et-faits-divers/1344
1256,200,http://lesmanchettes.com/actualites/justice-et-faits-divers/1345
1257,404,http://lesmanchettes.com/actualites/justice-et-faits-divers/1346
1258,404,http://lesmanchettes.com/actualites/justice-et-faits-divers/1347
1259,200,http://lesmanchettes.com/actualites/justice-et-faits-divers/1348
1260,200,http://lesmanchettes.com/actualites/justice-et-faits-divers/1349
1261,200,http://lesmanchettes.com/actualites/justice-et-faits-divers/1350
1262,200,http://lesmanchettes.com/actualites/justice-et-faits-divers/1351
1263,200,http://lesmanchettes.com/actualites/justice-et-faits-divers/1352
1264,200,http://lesmanchettes.com/actualites/justice-et-faits-divers/1353
1265,200,http://lesmanchettes.com/actualites/justice-et-faits-divers/1354
1266,404,http://lesmanchettes.com/actualites/justice-et-faits-divers/1355
1267,404,http://lesmanchettes.com/actualites/justice-et-faits-divers/1356
1268,404,http://lesmanchettes.com/actualites/justice-et-faits-divers/1357
1269,200,http://lesmanchettes.com/actualites/justice-et-faits-divers/1358
1270,200,http://lesmanchettes.com/actualites/justice-et-faits-divers/1359
1271,404,http://lesmanchettes.com/actualites/justice-et-faits-divers/1360
1272,404,http://lesmanchettes.com/actualites/justice-et-faits-divers/1361
1273,404,http://lesmanchettes.com/actualites/justice-et-faits-divers/1362
1274,404,http://lesmanchettes.com/actualites/justice-et-faits-divers/1363
1275,404,http://lesmanchettes.com/actualites/justice-et-faits-divers/1364
1276,404,http://lesmanchettes.com/actualites/justice-et-faits-divers/1365
1277,404,http://lesmanchettes.com/actualites/justice-et-faits-divers/1366
1278,404,http://lesmanchettes.com/actualites/justice-et-faits-divers/1367
1279,404,http://lesmanchettes.com/actualites/justice-et-faits-divers/1368
1280,404,http://lesmanchettes.com/actualites/justice-et-faits-divers/1369
1281,404,http://lesmanchettes.com/actualites/justice-et-faits-divers/1370
1282,404,http://lesmanchettes.com/actualites/justice-et-faits-divers/1371
1283,404,http://lesmanchettes.com/actualites/justice-et-faits-divers/1372
1284,404,http://lesmanchettes.com/actualites/justice-et-faits-divers/1373
1285,404,http://lesmanchettes.com/actualites/justice-et-faits-divers/1374
1286,404,http://lesmanchettes.com/actualites/justice-et-faits-divers/1375
1287,404,http://lesmanchettes.com/actualites/justice-et-faits-divers/1376
1288,404,http://lesmanchettes.com/actualites/justice-et-faits-divers/1377
1289,404,http://lesmanchettes.com/actualites/justice-et-faits-divers/1378
1290,404,http://lesmanchettes.com/actualites/justice-et-faits-divers/1379
1291,404,http://lesmanchettes.com/actualites/justice-et-faits-divers/1380
1292,404,http://lesmanchettes.com/actualites/justice-et-faits-divers/1381
1293,404,http://lesmanchettes.com/actualites/justice-et-faits-divers/1382
1294,404,http://lesmanchettes.com/actualites/justice-et-faits-divers/1383
1295,404,http://lesmanchettes.com/actualites/justice-et-faits-divers/1384
1296,404,http://lesmanchettes.com/actualites/justice-et-faits-divers/1385
1297,404,http://lesmanchettes.com/actualites/justice-et-faits-divers/1386
1298,404,http://lesmanchettes.com/actualites/justice-et-faits-divers/1387
1299,404,http://lesmanchettes.com/actualites/justice-et-faits-divers/1388
1300,404,http://lesmanchettes.com/actualites/justice-et-faits-divers/1389
1301,404,http://lesmanchettes.com/actualites/justice-et-faits-divers/1390
1302,404,http://lesmanchettes.com/actualites/justice-et-faits-divers/1391
1303,404,http://lesmanchettes.com/actualites/justice-et-faits-divers/1392
1304,404,http://lesmanchettes.com/actualites/justice-et-faits-divers/1393
1305,404,http://lesmanchettes.com/actualites/justice-et-faits-divers/1394
1306,404,http://lesmanchettes.com/actualites/justice-et-faits-divers/1395
1307,404,http://lesmanchettes.com/actualites/justice-et-faits-divers/1396
1308,404,http://lesmanchettes.com/actualites/justice-et-faits-divers/1397
1309,404,http://lesmanchettes.com/actualites/justice-et-faits-divers/1398
1310,404,http://lesmanchettes.com/actualites/justice-et-faits-divers/1399
